Sample	CaffeineConsumption
tsk_0	-3.5913e-01
tsk_1	3.8932e-01
tsk_10	-6.7460e-01
tsk_100	3.9016e-01
tsk_1000	1.2983e+00
tsk_1001	-9.6034e-01
tsk_1002	5.1628e-01
tsk_1003	1.4815e+00
tsk_1004	4.7711e-01
tsk_1005	1.3545e+00
tsk_1006	-1.1900e+00
tsk_1007	-3.3271e-01
tsk_1008	8.8522e-02
tsk_1009	-2.1240e+00
tsk_101	-7.0928e-01
tsk_1010	1.7435e+00
tsk_1011	1.6359e-01
tsk_1012	-1.7089e-01
tsk_1013	4.3676e-01
tsk_1014	1.3969e+00
tsk_1015	1.4351e+00
tsk_1016	3.2549e-01
tsk_1017	-6.3738e-01
tsk_1018	5.5989e-01
tsk_1019	-4.4854e-01
tsk_102	-9.8716e-01
tsk_1020	-2.1762e+00
tsk_1021	-1.9952e-01
tsk_1022	-6.2528e-01
tsk_1023	1.2585e+00
tsk_1024	-5.8029e-01
tsk_1025	-1.6410e-01
tsk_1026	-1.4302e+00
tsk_1027	4.5174e-01
tsk_1028	6.6795e-01
tsk_1029	1.5854e+00
tsk_103	8.5057e-01
tsk_1030	7.1485e-02
tsk_1031	1.4812e+00
tsk_1032	-3.7821e-04
tsk_1033	3.4449e-03
tsk_1034	-2.7158e-01
tsk_1035	9.5276e-01
tsk_1036	-1.0607e+00
tsk_1037	6.5342e-01
tsk_1038	5.1626e-01
tsk_1039	1.7859e-01
tsk_104	-2.5728e-01
tsk_1040	2.8155e-01
tsk_1041	-1.2575e+00
tsk_1042	5.4117e-01
tsk_1043	1.1981e+00
tsk_1044	4.5594e-01
tsk_1045	1.1748e+00
tsk_1046	1.5084e-02
tsk_1047	-8.5045e-01
tsk_1048	-6.3522e-02
tsk_1049	-1.0563e+00
tsk_105	-9.2313e-01
tsk_1050	9.9985e-02
tsk_1051	-2.0201e+00
tsk_1052	4.0215e-01
tsk_1053	1.3025e+00
tsk_1054	-9.4068e-01
tsk_1055	-1.5665e-01
tsk_1056	3.9104e-01
tsk_1057	-6.7023e-01
tsk_1058	2.1228e-01
tsk_1059	9.6344e-01
tsk_106	-4.8197e-01
tsk_1060	-7.6166e-03
tsk_1061	6.3257e-01
tsk_1062	1.5645e+00
tsk_1063	-9.7879e-01
tsk_1064	-4.2867e-01
tsk_1065	-7.3550e-01
tsk_1066	9.3096e-01
tsk_1067	1.3125e-01
tsk_1068	-9.5010e-01
tsk_1069	-1.4040e+00
tsk_107	1.1817e+00
tsk_1070	-5.7829e-01
tsk_1071	1.4480e+00
tsk_1072	-9.5764e-01
tsk_1073	-1.0266e-01
tsk_1074	9.3835e-01
tsk_1075	-9.2379e-01
tsk_1076	-8.1149e-01
tsk_1077	1.1791e+00
tsk_1078	1.4994e+00
tsk_1079	-6.5271e-01
tsk_108	1.8912e-01
tsk_1080	8.7578e-02
tsk_1081	-7.5604e-01
tsk_1082	1.3981e+00
tsk_1083	2.3028e+00
tsk_1084	2.1490e-02
tsk_1085	-2.1975e-01
tsk_1086	2.9400e-01
tsk_1087	2.8339e-01
tsk_1088	9.0575e-01
tsk_1089	-1.3380e+00
tsk_109	3.9660e-01
tsk_1090	-1.1977e+00
tsk_1091	7.6553e-01
tsk_1092	-1.2006e-01
tsk_1093	1.2938e+00
tsk_1094	-1.1254e+00
tsk_1095	3.8592e-01
tsk_1096	-3.6370e-01
tsk_1097	-9.1738e-01
tsk_1098	2.1728e-01
tsk_1099	-1.0583e+00
tsk_11	1.1355e+00
tsk_110	8.3080e-01
tsk_1100	-5.9510e-01
tsk_1101	3.2023e-01
tsk_1102	1.1038e+00
tsk_1103	1.0193e+00
tsk_1104	5.6165e-01
tsk_1105	2.0642e+00
tsk_1106	1.5242e+00
tsk_1107	7.8253e-01
tsk_1108	4.4320e-01
tsk_1109	-4.5644e-01
tsk_111	-1.1019e+00
tsk_1110	-1.0414e+00
tsk_1111	3.9073e-01
tsk_1112	4.9218e-01
tsk_1113	-2.5026e-01
tsk_1114	6.2701e-01
tsk_1115	4.1758e-01
tsk_1116	3.0495e-01
tsk_1117	-2.4642e+00
tsk_1118	1.5486e+00
tsk_1119	1.5768e-01
tsk_112	-6.4271e-02
tsk_1120	-4.0740e-01
tsk_1121	-3.9431e-01
tsk_1122	5.5570e-01
tsk_1123	-2.7433e-01
tsk_1124	1.6534e+00
tsk_1125	9.2873e-02
tsk_1126	1.3827e+00
tsk_1127	-2.4134e-01
tsk_1128	3.8753e-01
tsk_1129	5.5147e-01
tsk_113	6.8330e-01
tsk_1130	7.0319e-01
tsk_1131	-9.9116e-01
tsk_1132	-5.1001e-01
tsk_1133	7.5095e-01
tsk_1134	-7.6887e-01
tsk_1135	-9.2673e-01
tsk_1136	6.8781e-01
tsk_1137	1.8165e-01
tsk_1138	1.6209e+00
tsk_1139	2.7412e-01
tsk_114	-1.0669e+00
tsk_1140	1.7602e+00
tsk_1141	8.8206e-01
tsk_1142	-5.1654e-02
tsk_1143	-2.9955e-01
tsk_1144	1.7154e+00
tsk_1145	-1.4138e+00
tsk_1146	1.8116e-01
tsk_1147	1.4786e+00
tsk_1148	5.0485e-01
tsk_1149	4.7708e-01
tsk_115	-6.0660e-01
tsk_1150	-2.2663e-01
tsk_1151	-1.4331e+00
tsk_1152	-4.2542e-01
tsk_1153	5.7646e-01
tsk_1154	4.3783e-01
tsk_1155	-1.6659e+00
tsk_1156	-1.4691e+00
tsk_1157	6.1288e-02
tsk_1158	2.6910e-01
tsk_1159	2.7267e-01
tsk_116	7.5031e-01
tsk_1160	3.3779e-01
tsk_1161	4.1163e-01
tsk_1162	2.6836e-01
tsk_1163	7.6914e-01
tsk_1164	-5.3733e-01
tsk_1165	-7.5539e-01
tsk_1166	1.1342e+00
tsk_1167	-1.0754e+00
tsk_1168	7.8662e-01
tsk_1169	3.1899e-02
tsk_117	-2.8989e-01
tsk_1170	-1.0824e+00
tsk_1171	-7.1104e-01
tsk_1172	1.3516e+00
tsk_1173	2.6119e-01
tsk_1174	-3.5945e-01
tsk_1175	4.3332e-01
tsk_1176	-1.8117e+00
tsk_1177	-3.7118e-01
tsk_1178	-6.9832e-01
tsk_1179	4.3997e-01
tsk_118	5.2965e-02
tsk_1180	-1.3880e+00
tsk_1181	-4.6164e-01
tsk_1182	-4.0917e-02
tsk_1183	9.0330e-01
tsk_1184	-8.2390e-01
tsk_1185	2.6555e-02
tsk_1186	9.2275e-02
tsk_1187	1.1470e+00
tsk_1188	2.3064e+00
tsk_1189	5.3813e-01
tsk_119	-1.6353e+00
tsk_1190	1.3481e-01
tsk_1191	-1.5271e+00
tsk_1192	-5.1634e-01
tsk_1193	-8.1845e-01
tsk_1194	-5.3564e-01
tsk_1195	-4.4533e-01
tsk_1196	1.1789e-01
tsk_1197	-3.6039e-01
tsk_1198	4.5040e-01
tsk_1199	2.6499e-01
tsk_12	-1.7322e+00
tsk_120	1.1627e+00
tsk_1200	2.0188e-01
tsk_1201	-1.5000e+00
tsk_1202	1.2052e+00
tsk_1203	-8.2275e-01
tsk_1204	-5.0713e-01
tsk_1205	2.0305e+00
tsk_1206	4.6751e-01
tsk_1207	-7.6815e-01
tsk_1208	9.7276e-01
tsk_1209	7.7035e-01
tsk_121	-7.3261e-02
tsk_1210	-2.4633e+00
tsk_1211	-1.5691e+00
tsk_1212	1.9842e+00
tsk_1213	-5.4243e-01
tsk_1214	-5.2515e-01
tsk_1215	-5.8320e-01
tsk_1216	-9.1797e-01
tsk_1217	-4.4024e-01
tsk_1218	1.1971e+00
tsk_1219	-2.9693e-01
tsk_122	-2.5134e-01
tsk_1220	7.0293e-01
tsk_1221	1.9085e+00
tsk_1222	8.5672e-01
tsk_1223	9.4246e-01
tsk_1224	5.9002e-01
tsk_1225	1.1345e+00
tsk_1226	-1.0135e+00
tsk_1227	4.5462e-01
tsk_1228	1.4360e-01
tsk_1229	-1.2536e+00
tsk_123	-1.1813e+00
tsk_1230	-4.5284e-01
tsk_1231	-1.1025e-02
tsk_1232	-6.1616e-02
tsk_1233	1.2647e+00
tsk_1234	-1.4816e-01
tsk_1235	-1.0332e+00
tsk_1236	-2.5192e-01
tsk_1237	2.4307e-02
tsk_1238	-2.2331e-01
tsk_1239	2.5015e-01
tsk_124	-9.8441e-01
tsk_1240	-1.1254e+00
tsk_1241	5.1664e-01
tsk_1242	1.2885e+00
tsk_1243	1.0016e+00
tsk_1244	1.0278e+00
tsk_1245	1.8853e-01
tsk_1246	1.4576e+00
tsk_1247	-1.7369e+00
tsk_1248	4.3290e-01
tsk_1249	-3.4068e-01
tsk_125	3.9388e-01
tsk_1250	-1.8288e+00
tsk_1251	1.0657e+00
tsk_1252	-2.3140e-02
tsk_1253	-9.6019e-01
tsk_1254	-3.5778e-01
tsk_1255	1.8160e+00
tsk_1256	-2.4862e+00
tsk_1257	-6.9712e-01
tsk_1258	3.6080e-01
tsk_1259	1.7119e+00
tsk_126	-6.7387e-02
tsk_1260	1.2035e+00
tsk_1261	7.1376e-01
tsk_1262	-6.6489e-01
tsk_1263	-1.6102e+00
tsk_1264	1.3905e-01
tsk_1265	3.0835e-01
tsk_1266	-4.2136e-02
tsk_1267	-5.5435e-01
tsk_1268	4.9121e-01
tsk_1269	-6.9762e-01
tsk_127	1.3093e+00
tsk_1270	-1.3453e+00
tsk_1271	3.4733e-01
tsk_1272	4.9805e-02
tsk_1273	-8.3786e-01
tsk_1274	1.3390e-01
tsk_1275	1.6040e-01
tsk_1276	-1.2296e-01
tsk_1277	7.6184e-01
tsk_1278	-6.9657e-01
tsk_1279	2.9757e+00
tsk_128	-3.5402e-01
tsk_1280	-7.0872e-01
tsk_1281	-2.3287e+00
tsk_1282	7.0059e-03
tsk_1283	2.3900e-01
tsk_1284	1.0344e+00
tsk_1285	-2.0816e-01
tsk_1286	5.2265e-01
tsk_1287	5.9721e-01
tsk_1288	-1.4019e+00
tsk_1289	1.5508e+00
tsk_129	-4.1460e-01
tsk_1290	-5.7018e-01
tsk_1291	1.2033e+00
tsk_1292	-5.9946e-01
tsk_1293	5.7228e-01
tsk_1294	5.6002e-01
tsk_1295	2.3877e-01
tsk_1296	-2.0846e-01
tsk_1297	6.6966e-02
tsk_1298	-1.0249e+00
tsk_1299	1.4479e-01
tsk_13	-3.5869e-01
tsk_130	-3.8390e-01
tsk_1300	4.7077e-01
tsk_1301	1.4655e+00
tsk_1302	-1.9737e+00
tsk_1303	1.4092e-01
tsk_1304	4.5005e-01
tsk_1305	1.4772e+00
tsk_1306	-1.5298e+00
tsk_1307	1.2519e+00
tsk_1308	1.1829e+00
tsk_1309	8.6227e-01
tsk_131	5.7341e-01
tsk_1310	-2.4554e-03
tsk_1311	5.1387e-01
tsk_1312	-3.0639e+00
tsk_1313	-1.9492e-01
tsk_1314	9.2720e-01
tsk_1315	5.6756e-01
tsk_1316	4.7942e-01
tsk_1317	-2.4769e+00
tsk_1318	-1.7643e-03
tsk_1319	1.0581e+00
tsk_132	-4.5951e-01
tsk_1320	-5.0124e-01
tsk_1321	-4.8668e-01
tsk_1322	1.0957e+00
tsk_1323	8.8493e-02
tsk_1324	-7.5087e-01
tsk_1325	-1.4021e+00
tsk_1326	-3.9403e-01
tsk_1327	-9.0333e-01
tsk_1328	-1.0030e+00
tsk_1329	-3.2068e-01
tsk_133	-4.8752e-01
tsk_1330	5.8380e-01
tsk_1331	-6.4468e-01
tsk_1332	6.3599e-01
tsk_1333	1.1093e-01
tsk_1334	2.1718e+00
tsk_1335	2.3808e+00
tsk_1336	3.3606e-01
tsk_1337	-1.5004e+00
tsk_1338	-3.1602e-01
tsk_1339	4.9887e-01
tsk_134	-1.2418e+00
tsk_1340	-3.9051e-01
tsk_1341	1.3066e+00
tsk_1342	7.1986e-01
tsk_1343	-2.2394e-01
tsk_1344	3.1791e-01
tsk_1345	9.0939e-01
tsk_1346	6.4989e-01
tsk_1347	1.3539e+00
tsk_1348	9.1230e-01
tsk_1349	-1.3642e+00
tsk_135	-6.1378e-01
tsk_1350	5.9142e-01
tsk_1351	-2.1425e+00
tsk_1352	-9.9518e-02
tsk_1353	-5.8288e-01
tsk_1354	-3.0824e-01
tsk_1355	-6.4105e-01
tsk_1356	-2.4834e-02
tsk_1357	1.9286e-01
tsk_1358	-1.6964e+00
tsk_1359	-1.0254e+00
tsk_136	-1.1043e+00
tsk_1360	6.9071e-02
tsk_1361	-4.3278e-01
tsk_1362	6.2968e-01
tsk_1363	-6.3344e-01
tsk_1364	1.5912e+00
tsk_1365	-1.2429e-01
tsk_1366	8.4644e-01
tsk_1367	-1.6357e+00
tsk_1368	2.7904e-01
tsk_1369	-1.0226e+00
tsk_137	-7.2069e-01
tsk_1370	1.5960e-01
tsk_1371	1.3701e+00
tsk_1372	3.1746e-01
tsk_1373	-5.7162e-01
tsk_1374	-5.2231e-01
tsk_1375	2.3623e+00
tsk_1376	2.9493e-03
tsk_1377	5.8217e-02
tsk_1378	1.8441e+00
tsk_1379	-3.4613e-02
tsk_138	-1.1154e-01
tsk_1380	1.1161e+00
tsk_1381	-3.8688e-02
tsk_1382	-1.5020e+00
tsk_1383	-2.5838e-01
tsk_1384	3.0639e-01
tsk_1385	1.0243e+00
tsk_1386	6.7677e-01
tsk_1387	6.3953e-01
tsk_1388	-2.1788e+00
tsk_1389	8.9724e-02
tsk_139	-5.0066e-02
tsk_1390	2.4591e+00
tsk_1391	-1.3407e+00
tsk_1392	-1.5823e-01
tsk_1393	5.0129e-02
tsk_1394	-8.8330e-01
tsk_1395	-1.3301e+00
tsk_1396	7.6542e-01
tsk_1397	2.6425e-01
tsk_1398	1.3090e+00
tsk_1399	2.2685e+00
tsk_14	-4.3771e-01
tsk_140	1.4185e+00
tsk_1400	-5.9177e-01
tsk_1401	1.5239e+00
tsk_1402	4.2959e-01
tsk_1403	-5.0052e-01
tsk_1404	-1.1367e+00
tsk_1405	-5.3360e-01
tsk_1406	-3.8609e-01
tsk_1407	-6.3131e-02
tsk_1408	8.7475e-01
tsk_1409	-4.9215e-02
tsk_141	-6.0604e-01
tsk_1410	-3.1423e-01
tsk_1411	1.0008e+00
tsk_1412	-1.8158e+00
tsk_1413	-2.5360e-01
tsk_1414	3.7474e-01
tsk_1415	-1.4586e+00
tsk_1416	-3.5395e-01
tsk_1417	-1.1458e+00
tsk_1418	7.5217e-01
tsk_1419	9.4447e-01
tsk_142	7.5306e-01
tsk_1420	7.3340e-01
tsk_1421	2.3742e-01
tsk_1422	-2.0386e+00
tsk_1423	-1.1715e+00
tsk_1424	3.0341e-01
tsk_1425	2.4436e-01
tsk_1426	-8.3935e-01
tsk_1427	1.5966e+00
tsk_1428	9.0855e-01
tsk_1429	1.3589e-01
tsk_143	9.9079e-01
tsk_1430	-4.1831e-01
tsk_1431	1.8998e+00
tsk_1432	-5.5862e-01
tsk_1433	1.9577e+00
tsk_1434	-9.4289e-01
tsk_1435	-1.5237e-01
tsk_1436	1.4416e+00
tsk_1437	-1.7413e+00
tsk_1438	4.3741e-01
tsk_1439	1.4633e-02
tsk_144	-9.2880e-01
tsk_1440	-2.0819e+00
tsk_1441	1.2034e+00
tsk_1442	-2.1963e-01
tsk_1443	-6.0103e-01
tsk_1444	9.8890e-01
tsk_1445	2.1440e-01
tsk_1446	-1.4409e+00
tsk_1447	-1.2581e+00
tsk_1448	-7.7932e-01
tsk_1449	-5.3888e-01
tsk_145	-1.3872e+00
tsk_1450	4.1256e-01
tsk_1451	-1.7035e-01
tsk_1452	-9.6912e-01
tsk_1453	4.9476e-01
tsk_1454	9.6721e-01
tsk_1455	-2.0428e+00
tsk_1456	-5.9379e-01
tsk_1457	1.0522e+00
tsk_1458	1.0193e+00
tsk_1459	-5.5473e-02
tsk_146	7.8944e-01
tsk_1460	8.7742e-01
tsk_1461	1.7704e+00
tsk_1462	-6.3758e-01
tsk_1463	1.3294e+00
tsk_1464	1.1593e+00
tsk_1465	2.9653e-01
tsk_1466	-1.1141e+00
tsk_1467	4.3215e-02
tsk_1468	-6.2487e-01
tsk_1469	2.1684e+00
tsk_147	7.7472e-01
tsk_1470	-9.9400e-01
tsk_1471	-2.2385e+00
tsk_1472	-1.9765e-01
tsk_1473	-1.4920e-01
tsk_1474	1.0501e+00
tsk_1475	-9.5356e-01
tsk_1476	2.5030e-01
tsk_1477	1.3459e+00
tsk_1478	1.0853e-01
tsk_1479	1.9449e+00
tsk_148	-3.0099e-01
tsk_1480	1.2329e+00
tsk_1481	1.3976e-01
tsk_1482	9.4276e-01
tsk_1483	-1.5098e+00
tsk_1484	3.4704e-01
tsk_1485	1.7805e+00
tsk_1486	-2.7426e-01
tsk_1487	1.7803e-01
tsk_1488	-1.5398e+00
tsk_1489	-5.8482e-02
tsk_149	6.7395e-01
tsk_1490	1.3711e+00
tsk_1491	-1.0029e+00
tsk_1492	4.5703e-01
tsk_1493	-1.4430e+00
tsk_1494	-2.3168e-01
tsk_1495	1.4556e+00
tsk_1496	-1.8944e-01
tsk_1497	9.4212e-01
tsk_1498	7.9763e-01
tsk_1499	1.1231e+00
tsk_15	4.7369e-01
tsk_150	1.2939e-01
tsk_1500	1.7244e+00
tsk_1501	1.1879e+00
tsk_1502	1.9505e-01
tsk_1503	-3.2807e-01
tsk_1504	5.9978e-01
tsk_1505	6.8261e-01
tsk_1506	-5.9582e-01
tsk_1507	3.6177e-01
tsk_1508	1.0737e+00
tsk_1509	1.3223e-01
tsk_151	-1.2035e+00
tsk_1510	-1.0599e+00
tsk_1511	-2.5659e-01
tsk_1512	8.5875e-01
tsk_1513	-4.2318e-01
tsk_1514	1.0742e+00
tsk_1515	-1.4240e-01
tsk_1516	-2.1682e-01
tsk_1517	1.6261e+00
tsk_1518	5.7717e-02
tsk_1519	-4.9638e-01
tsk_152	-6.9359e-01
tsk_1520	1.6614e+00
tsk_1521	2.5679e+00
tsk_1522	-1.7994e+00
tsk_1523	-6.0327e-01
tsk_1524	4.9571e-01
tsk_1525	5.4467e-01
tsk_1526	-7.0631e-02
tsk_1527	-1.3637e-03
tsk_1528	1.7034e+00
tsk_1529	-4.9815e-01
tsk_153	-1.7907e+00
tsk_1530	-4.2506e-01
tsk_1531	4.7140e-01
tsk_1532	-9.0822e-01
tsk_1533	2.5928e-01
tsk_1534	-1.1772e+00
tsk_1535	1.8639e+00
tsk_1536	-1.3774e+00
tsk_1537	2.5692e-02
tsk_1538	9.2448e-01
tsk_1539	-6.6210e-01
tsk_154	1.7453e+00
tsk_1540	8.0548e-02
tsk_1541	5.4914e-01
tsk_1542	-1.9734e-01
tsk_1543	-2.3162e+00
tsk_1544	1.7525e-01
tsk_1545	-1.9641e+00
tsk_1546	-1.1799e+00
tsk_1547	-4.5750e-01
tsk_1548	-1.0447e+00
tsk_1549	1.8726e+00
tsk_155	-1.3317e+00
tsk_1550	6.5039e-01
tsk_1551	4.6582e-03
tsk_1552	4.5599e-01
tsk_1553	2.2996e+00
tsk_1554	-1.7413e+00
tsk_1555	-6.5712e-01
tsk_1556	2.9604e+00
tsk_1557	1.7456e+00
tsk_1558	8.1834e-01
tsk_1559	-4.1748e-01
tsk_156	1.0030e+00
tsk_1560	-9.4564e-02
tsk_1561	-3.9105e-01
tsk_1562	4.0960e-01
tsk_1563	-6.5580e-01
tsk_1564	-3.1708e-01
tsk_1565	1.0389e+00
tsk_1566	-2.2139e+00
tsk_1567	-8.0853e-01
tsk_1568	-1.0260e+00
tsk_1569	1.6817e+00
tsk_157	-1.8032e+00
tsk_1570	9.9236e-01
tsk_1571	-1.4426e+00
tsk_1572	-1.8810e-01
tsk_1573	-5.6099e-01
tsk_1574	-2.1222e-03
tsk_1575	-7.4409e-01
tsk_1576	-1.1894e+00
tsk_1577	-9.4494e-01
tsk_1578	-1.0793e+00
tsk_1579	-1.1988e+00
tsk_158	1.4875e-01
tsk_1580	1.3972e+00
tsk_1581	-5.9980e-02
tsk_1582	-8.4731e-02
tsk_1583	1.7012e+00
tsk_1584	1.6231e+00
tsk_1585	1.8123e+00
tsk_1586	8.2787e-01
tsk_1587	-1.4635e+00
tsk_1588	4.8708e-01
tsk_1589	4.7860e-01
tsk_159	2.8740e-01
tsk_1590	-6.4095e-02
tsk_1591	-7.4693e-01
tsk_1592	-2.1599e-01
tsk_1593	-7.9880e-01
tsk_1594	-7.4231e-01
tsk_1595	4.3488e-01
tsk_1596	-2.9579e-01
tsk_1597	2.5973e-01
tsk_1598	3.3078e-01
tsk_1599	-1.6171e+00
tsk_16	-9.5355e-01
tsk_160	-4.3829e-01
tsk_1600	1.7660e+00
tsk_1601	-2.3968e+00
tsk_1602	-5.7773e-01
tsk_1603	-1.0918e-01
tsk_1604	4.8082e-01
tsk_1605	4.4983e-02
tsk_1606	-1.4884e+00
tsk_1607	-2.9712e-01
tsk_1608	2.4932e+00
tsk_1609	-7.2008e-01
tsk_161	-1.9543e+00
tsk_1610	-1.3153e+00
tsk_1611	-1.7298e-01
tsk_1612	-4.0901e-01
tsk_1613	1.3018e+00
tsk_1614	4.5686e-01
tsk_1615	2.0179e-01
tsk_1616	-7.9628e-01
tsk_1617	-6.9054e-01
tsk_1618	1.3693e-01
tsk_1619	-5.3108e-01
tsk_162	1.2853e+00
tsk_1620	-9.1870e-01
tsk_1621	-1.1428e+00
tsk_1622	1.4656e+00
tsk_1623	-2.0341e-01
tsk_1624	-9.9277e-04
tsk_1625	-3.2856e-01
tsk_1626	3.0185e-01
tsk_1627	-2.1568e+00
tsk_1628	-1.6729e-01
tsk_1629	-4.5813e-01
tsk_163	2.0263e+00
tsk_1630	1.6726e+00
tsk_1631	1.0395e+00
tsk_1632	1.8929e-01
tsk_1633	-2.0479e-02
tsk_1634	-2.9148e-01
tsk_1635	2.6411e-01
tsk_1636	1.5597e+00
tsk_1637	1.2257e+00
tsk_1638	-2.0907e-01
tsk_1639	-1.2562e+00
tsk_164	-1.9939e+00
tsk_1640	-4.9276e-01
tsk_1641	1.0464e+00
tsk_1642	5.2411e-01
tsk_1643	-1.2569e+00
tsk_1644	3.9471e-01
tsk_1645	-1.7520e+00
tsk_1646	1.7234e+00
tsk_1647	1.8919e+00
tsk_1648	-1.7445e-01
tsk_1649	3.5461e-01
tsk_165	9.9072e-01
tsk_1650	1.0540e+00
tsk_1651	-2.0555e+00
tsk_1652	-3.3445e-01
tsk_1653	-1.0333e+00
tsk_1654	-5.5394e-01
tsk_1655	1.0104e-01
tsk_1656	-4.9015e-01
tsk_1657	2.1932e+00
tsk_1658	-1.7429e+00
tsk_1659	1.0609e+00
tsk_166	-2.0804e+00
tsk_1660	-9.8561e-01
tsk_1661	8.3188e-01
tsk_1662	-1.3271e+00
tsk_1663	2.7021e-01
tsk_1664	-1.0913e+00
tsk_1665	-2.2213e-01
tsk_1666	4.5152e-01
tsk_1667	-2.8466e-01
tsk_1668	-2.1274e+00
tsk_1669	2.6705e-01
tsk_167	1.3408e+00
tsk_1670	-1.2831e+00
tsk_1671	4.8291e-01
tsk_1672	-5.3174e-01
tsk_1673	-7.3560e-01
tsk_1674	1.9182e+00
tsk_1675	1.0875e+00
tsk_1676	1.0569e+00
tsk_1677	7.1445e-01
tsk_1678	6.0243e-01
tsk_1679	-6.9805e-01
tsk_168	-7.4051e-01
tsk_1680	1.4256e+00
tsk_1681	-1.3951e+00
tsk_1682	-1.2127e+00
tsk_1683	3.9616e-01
tsk_1684	5.3394e-01
tsk_1685	8.2885e-01
tsk_1686	6.2532e-02
tsk_1687	-1.0620e+00
tsk_1688	1.0697e-01
tsk_1689	1.3846e+00
tsk_169	7.2211e-01
tsk_1690	-1.0530e+00
tsk_1691	2.4256e-01
tsk_1692	-2.7750e-01
tsk_1693	1.2305e+00
tsk_1694	1.0732e-01
tsk_1695	-7.1561e-01
tsk_1696	5.3395e-01
tsk_1697	7.5020e-01
tsk_1698	5.7538e-01
tsk_1699	1.8827e+00
tsk_17	-3.3754e-01
tsk_170	9.9940e-01
tsk_1700	-2.7944e-01
tsk_1701	1.0634e+00
tsk_1702	-1.9498e-01
tsk_1703	-1.1869e+00
tsk_1704	-1.0210e+00
tsk_1705	-8.6364e-01
tsk_1706	2.3007e+00
tsk_1707	5.3128e-01
tsk_1708	-1.0304e+00
tsk_1709	-6.1447e-01
tsk_171	1.2224e+00
tsk_1710	1.5076e+00
tsk_1711	-1.5751e+00
tsk_1712	-1.6718e-01
tsk_1713	-1.1353e+00
tsk_1714	-6.0407e-01
tsk_1715	-8.5793e-01
tsk_1716	-1.0814e+00
tsk_1717	-3.6050e-01
tsk_1718	1.4538e+00
tsk_1719	-1.5068e+00
tsk_172	5.0227e-02
tsk_1720	-3.3976e-01
tsk_1721	1.1688e+00
tsk_1722	-2.1692e-01
tsk_1723	-2.2275e-02
tsk_1724	2.1339e-01
tsk_1725	-4.2302e-01
tsk_1726	-2.2560e-01
tsk_1727	-1.1547e+00
tsk_1728	-4.9702e-01
tsk_1729	4.7499e-01
tsk_173	-9.3637e-01
tsk_1730	-3.1846e-01
tsk_1731	-5.1457e-01
tsk_1732	5.8609e-01
tsk_1733	1.0702e-01
tsk_1734	8.1255e-01
tsk_1735	2.9796e-01
tsk_1736	-1.5382e+00
tsk_1737	1.3201e-01
tsk_1738	2.9889e-01
tsk_1739	2.4177e-01
tsk_174	1.2104e+00
tsk_1740	-6.4527e-01
tsk_1741	-2.2922e+00
tsk_1742	1.4428e+00
tsk_1743	4.7864e-02
tsk_1744	1.3806e-01
tsk_1745	1.4102e+00
tsk_1746	4.1608e-01
tsk_1747	1.1240e+00
tsk_1748	1.7600e+00
tsk_1749	-2.0416e-01
tsk_175	-5.7406e-01
tsk_1750	-1.1773e-01
tsk_1751	2.4286e-01
tsk_1752	1.1185e+00
tsk_1753	3.5216e-01
tsk_1754	-9.1884e-02
tsk_1755	2.4742e+00
tsk_1756	-2.1562e+00
tsk_1757	-1.1444e+00
tsk_1758	3.2167e-01
tsk_1759	9.7319e-01
tsk_176	2.4151e+00
tsk_1760	-1.2704e+00
tsk_1761	1.4483e+00
tsk_1762	2.4789e+00
tsk_1763	7.3373e-01
tsk_1764	-9.3315e-01
tsk_1765	-4.8404e-01
tsk_1766	9.2342e-01
tsk_1767	-4.7626e-01
tsk_1768	1.5937e+00
tsk_1769	-1.7797e+00
tsk_177	6.4083e-01
tsk_1770	3.6971e-01
tsk_1771	1.0615e+00
tsk_1772	-9.2260e-01
tsk_1773	-1.0270e+00
tsk_1774	-2.0051e+00
tsk_1775	4.5398e-01
tsk_1776	5.4042e-01
tsk_1777	8.7609e-01
tsk_1778	7.2837e-01
tsk_1779	-1.1728e+00
tsk_178	-1.4863e+00
tsk_1780	1.0519e+00
tsk_1781	-1.6858e+00
tsk_1782	1.0142e-01
tsk_1783	-2.1092e-01
tsk_1784	-4.4116e-01
tsk_1785	1.7335e+00
tsk_1786	1.1119e+00
tsk_1787	-1.1938e+00
tsk_1788	1.2973e+00
tsk_1789	3.0526e-01
tsk_179	1.1021e+00
tsk_1790	4.6374e-01
tsk_1791	-1.5720e+00
tsk_1792	-2.1538e+00
tsk_1793	9.4506e-01
tsk_1794	1.6774e+00
tsk_1795	-1.5288e+00
tsk_1796	-1.4944e-02
tsk_1797	1.2221e+00
tsk_1798	3.0095e-01
tsk_1799	-3.7382e-01
tsk_18	-1.6225e-01
tsk_180	-6.2757e-01
tsk_1800	1.9237e-01
tsk_1801	3.1640e-01
tsk_1802	1.5031e+00
tsk_1803	9.6474e-01
tsk_1804	-5.3183e-01
tsk_1805	-6.7725e-01
tsk_1806	1.1180e+00
tsk_1807	1.1944e+00
tsk_1808	-6.9093e-01
tsk_1809	9.9740e-01
tsk_181	-1.8309e-01
tsk_1810	4.0037e-01
tsk_1811	1.4279e-01
tsk_1812	1.6609e+00
tsk_1813	-4.1418e-01
tsk_1814	1.2244e-01
tsk_1815	1.3871e-02
tsk_1816	1.1095e+00
tsk_1817	9.6876e-01
tsk_1818	2.9952e+00
tsk_1819	4.9452e-01
tsk_182	-5.3634e-01
tsk_1820	-8.8799e-01
tsk_1821	5.8895e-01
tsk_1822	5.1047e-01
tsk_1823	-1.2347e+00
tsk_1824	-1.0234e+00
tsk_1825	9.5947e-01
tsk_1826	-8.0017e-01
tsk_1827	-1.8563e-01
tsk_1828	-1.2290e-01
tsk_1829	9.0533e-01
tsk_183	-4.0325e-01
tsk_1830	-1.2215e+00
tsk_1831	2.7251e-01
tsk_1832	2.0657e+00
tsk_1833	7.0420e-01
tsk_1834	7.8926e-02
tsk_1835	1.1689e-01
tsk_1836	1.4791e+00
tsk_1837	9.1344e-01
tsk_1838	2.3929e-02
tsk_1839	-4.6628e-01
tsk_184	-6.3649e-01
tsk_1840	-1.1846e+00
tsk_1841	8.1364e-01
tsk_1842	-2.1370e-01
tsk_1843	-1.0269e+00
tsk_1844	-2.0481e-03
tsk_1845	8.5929e-01
tsk_1846	-9.9765e-01
tsk_1847	4.1131e-01
tsk_1848	-1.5003e+00
tsk_1849	3.1178e-01
tsk_185	8.3410e-01
tsk_1850	1.7931e-01
tsk_1851	8.6006e-01
tsk_1852	-3.9401e-01
tsk_1853	2.8523e-01
tsk_1854	5.9230e-01
tsk_1855	1.2521e+00
tsk_1856	-1.1961e-01
tsk_1857	-7.7590e-02
tsk_1858	-1.3686e+00
tsk_1859	-3.2126e-03
tsk_186	-4.1544e-01
tsk_1860	-9.2045e-01
tsk_1861	-7.2052e-01
tsk_1862	-3.8589e-01
tsk_1863	3.4419e-01
tsk_1864	-6.3773e-01
tsk_1865	-1.6303e+00
tsk_1866	5.3400e-01
tsk_1867	9.0180e-02
tsk_1868	1.7600e+00
tsk_1869	2.1655e-01
tsk_187	4.3212e-01
tsk_1870	1.6024e-01
tsk_1871	-4.8643e-01
tsk_1872	-1.1125e+00
tsk_1873	1.3601e+00
tsk_1874	5.5057e-01
tsk_1875	-1.2256e-01
tsk_1876	-1.3863e+00
tsk_1877	-2.9001e-01
tsk_1878	9.6673e-01
tsk_1879	-1.6228e-01
tsk_188	-2.6097e-01
tsk_1880	5.4934e-02
tsk_1881	-4.7157e-01
tsk_1882	-2.2210e-01
tsk_1883	-7.4810e-01
tsk_1884	-3.1593e-01
tsk_1885	-1.3895e-01
tsk_1886	-7.4101e-01
tsk_1887	1.5511e+00
tsk_1888	8.8092e-01
tsk_1889	1.9060e+00
tsk_189	5.8783e-01
tsk_1890	-6.3335e-02
tsk_1891	1.6073e-01
tsk_1892	-5.4592e-01
tsk_1893	3.7059e-01
tsk_1894	1.0438e+00
tsk_1895	-1.4255e+00
tsk_1896	3.5080e-01
tsk_1897	1.4745e+00
tsk_1898	-4.7648e-01
tsk_1899	-3.1000e-01
tsk_19	-4.6339e-01
tsk_190	5.5076e-01
tsk_1900	3.2749e-01
tsk_1901	-1.0087e+00
tsk_1902	-4.0598e-01
tsk_1903	1.1867e+00
tsk_1904	-7.4362e-02
tsk_1905	8.0031e-01
tsk_1906	-1.5859e+00
tsk_1907	2.6806e-01
tsk_1908	4.5452e-01
tsk_1909	-5.8710e-01
tsk_191	-7.3443e-01
tsk_1910	-6.0405e-01
tsk_1911	1.5160e+00
tsk_1912	-1.6196e+00
tsk_1913	3.5617e-01
tsk_1914	4.9150e-01
tsk_1915	-5.4677e-01
tsk_1916	1.3373e+00
tsk_1917	1.5807e+00
tsk_1918	1.1659e+00
tsk_1919	3.0581e-01
tsk_192	1.6465e-01
tsk_1920	3.8143e-01
tsk_1921	-6.3491e-01
tsk_1922	7.0964e-01
tsk_1923	-7.0641e-01
tsk_1924	-1.4920e+00
tsk_1925	-4.2749e-01
tsk_1926	-1.2018e+00
tsk_1927	2.5072e-01
tsk_1928	2.7210e-01
tsk_1929	-8.7194e-01
tsk_193	-5.2973e-01
tsk_1930	7.9441e-02
tsk_1931	9.0653e-01
tsk_1932	3.3439e-02
tsk_1933	-3.3918e-01
tsk_1934	5.3683e-01
tsk_1935	4.0632e-01
tsk_1936	-1.6684e+00
tsk_1937	-1.4282e-01
tsk_1938	-7.1796e-01
tsk_1939	-8.6761e-01
tsk_194	1.8840e+00
tsk_1940	4.1295e-01
tsk_1941	-1.7414e+00
tsk_1942	-1.2605e+00
tsk_1943	4.8887e-01
tsk_1944	9.3847e-01
tsk_1945	-4.4081e-02
tsk_1946	3.4219e-01
tsk_1947	-3.9419e-01
tsk_1948	-7.3218e-01
tsk_1949	-2.1504e+00
tsk_195	-7.6807e-01
tsk_1950	-2.4497e+00
tsk_1951	-1.9102e-01
tsk_1952	-3.3714e-01
tsk_1953	-1.3974e+00
tsk_1954	-7.2179e-01
tsk_1955	1.6555e+00
tsk_1956	-9.5979e-01
tsk_1957	-4.7178e-01
tsk_1958	-6.3390e-01
tsk_1959	9.0235e-01
tsk_196	-7.5537e-01
tsk_1960	9.7354e-01
tsk_1961	1.0445e+00
tsk_1962	-6.6781e-01
tsk_1963	2.3122e-01
tsk_1964	-1.6791e+00
tsk_1965	-6.9605e-01
tsk_1966	1.8701e-01
tsk_1967	2.7039e-01
tsk_1968	-7.5272e-01
tsk_1969	1.7783e+00
tsk_197	5.3403e-01
tsk_1970	-1.3226e-01
tsk_1971	9.8929e-01
tsk_1972	-1.0523e+00
tsk_1973	1.8445e+00
tsk_1974	-5.8119e-01
tsk_1975	7.1238e-01
tsk_1976	-1.6349e+00
tsk_1977	-2.3353e-01
tsk_1978	7.0451e-01
tsk_1979	8.8349e-01
tsk_198	1.7205e+00
tsk_1980	5.3067e-01
tsk_1981	5.8220e-01
tsk_1982	5.7258e-01
tsk_1983	-1.9190e+00
tsk_1984	-2.5204e-01
tsk_1985	-2.8077e-01
tsk_1986	-8.5400e-01
tsk_1987	-1.6353e+00
tsk_1988	-7.6885e-01
tsk_1989	1.2937e+00
tsk_199	1.2876e+00
tsk_1990	7.6420e-01
tsk_1991	-8.1611e-01
tsk_1992	1.0988e+00
tsk_1993	-2.7710e+00
tsk_1994	-3.7812e-01
tsk_1995	-9.1673e-01
tsk_1996	1.1308e+00
tsk_1997	-2.2660e+00
tsk_1998	1.2916e-01
tsk_1999	-5.2872e-01
tsk_2	-9.1737e-01
tsk_20	3.7054e-01
tsk_200	8.0148e-01
tsk_2000	5.2736e-01
tsk_2001	2.2221e-01
tsk_2002	-2.0611e-01
tsk_2003	-2.4990e-01
tsk_2004	-4.7013e-01
tsk_2005	-1.5180e-01
tsk_2006	-5.6140e-01
tsk_2007	-1.0897e-01
tsk_2008	-6.6761e-01
tsk_2009	1.8228e+00
tsk_201	3.1536e-01
tsk_2010	1.1874e+00
tsk_2011	3.6377e-01
tsk_2012	1.1295e-01
tsk_2013	-6.1941e-01
tsk_2014	-1.8855e+00
tsk_2015	4.3300e-01
tsk_2016	-1.1566e+00
tsk_2017	1.2287e+00
tsk_2018	-1.1950e+00
tsk_2019	1.3211e-01
tsk_202	1.4107e-01
tsk_2020	8.2367e-01
tsk_2021	1.7809e-01
tsk_2022	1.6151e+00
tsk_2023	-6.9289e-01
tsk_2024	-1.2704e+00
tsk_2025	-7.0300e-01
tsk_2026	3.1237e-01
tsk_2027	1.2625e+00
tsk_2028	6.3732e-01
tsk_2029	-5.1583e-01
tsk_203	-1.0493e+00
tsk_2030	-2.4781e+00
tsk_2031	2.8028e-01
tsk_2032	1.4445e-01
tsk_2033	-1.2812e+00
tsk_2034	3.8024e-01
tsk_2035	7.6709e-02
tsk_2036	-1.0919e+00
tsk_2037	1.4177e+00
tsk_2038	-7.9568e-01
tsk_2039	1.2908e-01
tsk_204	-3.1980e-01
tsk_2040	1.6931e+00
tsk_2041	8.7134e-01
tsk_2042	1.0036e+00
tsk_2043	-2.0517e+00
tsk_2044	-1.0718e-01
tsk_2045	-6.3835e-01
tsk_2046	5.0726e-01
tsk_2047	-5.5636e-01
tsk_2048	6.4110e-01
tsk_2049	1.0009e+00
tsk_205	-1.4976e+00
tsk_2050	-3.4466e-01
tsk_2051	-5.1453e-01
tsk_2052	9.5295e-01
tsk_2053	2.4563e-01
tsk_2054	2.0108e-01
tsk_2055	8.2667e-01
tsk_2056	-1.7266e+00
tsk_2057	7.6444e-02
tsk_2058	2.4686e-01
tsk_2059	-8.5404e-01
tsk_206	2.8499e-01
tsk_2060	3.5623e-02
tsk_2061	-1.8739e-02
tsk_2062	-6.0820e-01
tsk_2063	2.8318e-01
tsk_2064	-5.2900e-01
tsk_2065	1.0725e+00
tsk_2066	7.9104e-01
tsk_2067	1.2641e+00
tsk_2068	1.1942e-01
tsk_2069	-9.2932e-01
tsk_207	8.8263e-01
tsk_2070	1.2276e+00
tsk_2071	5.4826e-01
tsk_2072	1.7464e-01
tsk_2073	-1.0066e+00
tsk_2074	-5.3417e-01
tsk_2075	1.1928e-01
tsk_2076	2.5726e+00
tsk_2077	-1.9998e+00
tsk_2078	-1.7409e+00
tsk_2079	7.1465e-01
tsk_208	-8.9599e-01
tsk_2080	-7.6798e-01
tsk_2081	-8.4610e-01
tsk_2082	1.3482e+00
tsk_2083	1.1106e-01
tsk_2084	-2.6380e-01
tsk_2085	-6.6905e-01
tsk_2086	6.0157e-01
tsk_2087	2.0188e+00
tsk_2088	1.1719e+00
tsk_2089	-1.7576e+00
tsk_209	4.7794e-01
tsk_2090	-2.2803e-01
tsk_2091	1.0127e+00
tsk_2092	-8.2742e-01
tsk_2093	2.2810e-01
tsk_2094	9.2638e-01
tsk_2095	-1.6120e-01
tsk_2096	-7.1822e-01
tsk_2097	1.1246e-01
tsk_2098	6.8953e-01
tsk_2099	-1.4716e+00
tsk_21	-1.2593e+00
tsk_210	-4.5197e-01
tsk_2100	-3.1121e-01
tsk_2101	-1.8668e+00
tsk_2102	-8.0095e-01
tsk_2103	-7.2500e-01
tsk_2104	2.6934e-01
tsk_2105	1.0589e+00
tsk_2106	1.5217e+00
tsk_2107	1.0069e-01
tsk_2108	-1.0288e+00
tsk_2109	6.2142e-01
tsk_211	-4.0115e-01
tsk_2110	-7.7376e-01
tsk_2111	-5.3806e-01
tsk_2112	7.9144e-01
tsk_2113	2.2069e+00
tsk_2114	8.1976e-01
tsk_2115	-8.1303e-01
tsk_2116	7.4108e-01
tsk_2117	-2.8034e-01
tsk_2118	-1.5016e+00
tsk_2119	-3.4951e-01
tsk_212	-1.3020e+00
tsk_2120	1.5286e+00
tsk_2121	1.5643e+00
tsk_2122	-1.6041e+00
tsk_2123	-1.2233e+00
tsk_2124	-3.6657e-01
tsk_2125	-3.1084e-01
tsk_2126	7.0876e-01
tsk_2127	9.4939e-01
tsk_2128	-2.7290e-01
tsk_2129	-8.7920e-01
tsk_213	2.0955e+00
tsk_2130	1.1654e+00
tsk_2131	-8.4770e-01
tsk_2132	3.3554e-01
tsk_2133	9.1968e-01
tsk_2134	8.2695e-01
tsk_2135	-7.6028e-01
tsk_2136	-1.2477e+00
tsk_2137	-3.4281e-01
tsk_2138	-2.5278e-01
tsk_2139	-1.0366e+00
tsk_214	2.1480e-02
tsk_2140	4.3799e-01
tsk_2141	4.3636e-01
tsk_2142	-1.8484e+00
tsk_2143	6.8183e-01
tsk_2144	1.0305e+00
tsk_2145	4.7620e-01
tsk_2146	-1.1623e+00
tsk_2147	-7.2567e-01
tsk_2148	3.9983e-01
tsk_2149	1.3067e-01
tsk_215	-2.8452e-01
tsk_2150	1.0195e+00
tsk_2151	7.2910e-02
tsk_2152	1.9146e+00
tsk_2153	-5.0805e-01
tsk_2154	-7.6813e-01
tsk_2155	-2.9258e-01
tsk_2156	-5.0484e-01
tsk_2157	-3.4018e-01
tsk_2158	-2.2101e+00
tsk_2159	-1.0994e+00
tsk_216	1.9560e-01
tsk_2160	-9.4337e-01
tsk_2161	-5.8429e-02
tsk_2162	-7.7397e-01
tsk_2163	-6.1238e-01
tsk_2164	-3.6699e-01
tsk_2165	4.4368e-02
tsk_2166	-1.2927e-01
tsk_2167	-3.9222e-01
tsk_2168	-3.0718e+00
tsk_2169	1.4204e+00
tsk_217	3.2046e-01
tsk_2170	-4.2933e-02
tsk_2171	-5.0328e-01
tsk_2172	6.5941e-01
tsk_2173	8.7400e-01
tsk_2174	9.3923e-01
tsk_2175	-3.3752e-01
tsk_2176	-2.6428e-01
tsk_2177	-1.0762e+00
tsk_2178	1.2784e-01
tsk_2179	-2.4255e+00
tsk_218	8.2787e-01
tsk_2180	-3.2717e-01
tsk_2181	7.9117e-01
tsk_2182	7.5454e-01
tsk_2183	-7.3129e-01
tsk_2184	9.2148e-01
tsk_2185	-9.9483e-01
tsk_2186	1.3515e+00
tsk_2187	-6.5271e-01
tsk_2188	-1.3506e+00
tsk_2189	-6.8371e-01
tsk_219	-5.3295e-01
tsk_2190	7.8274e-01
tsk_2191	-5.0477e-01
tsk_2192	5.9186e-02
tsk_2193	-4.2674e-01
tsk_2194	-1.5518e+00
tsk_2195	9.9940e-01
tsk_2196	-3.5674e-02
tsk_2197	-1.7811e-01
tsk_2198	-8.9292e-01
tsk_2199	-9.2684e-01
tsk_22	2.6969e-02
tsk_220	8.5974e-01
tsk_2200	-8.7878e-01
tsk_2201	7.0410e-01
tsk_2202	-1.1632e+00
tsk_2203	8.7088e-01
tsk_2204	-1.3911e+00
tsk_2205	-5.2717e-01
tsk_2206	9.1586e-03
tsk_2207	-1.5921e-02
tsk_2208	-1.5476e-01
tsk_2209	-1.4890e+00
tsk_221	-3.4116e-01
tsk_2210	8.7458e-01
tsk_2211	-1.6193e+00
tsk_2212	-1.7820e+00
tsk_2213	-1.7942e-01
tsk_2214	8.0929e-01
tsk_2215	8.7551e-01
tsk_2216	-5.1336e-01
tsk_2217	-9.7512e-01
tsk_2218	-4.0028e-01
tsk_2219	-8.4776e-01
tsk_222	-5.3305e-02
tsk_2220	2.7921e+00
tsk_2221	-4.8965e-01
tsk_2222	-8.5221e-01
tsk_2223	8.2133e-01
tsk_2224	2.2980e-01
tsk_2225	-4.6658e-01
tsk_2226	1.8644e+00
tsk_2227	-6.7569e-02
tsk_2228	5.6208e-01
tsk_2229	-5.2863e-02
tsk_223	-7.2975e-02
tsk_2230	1.5173e+00
tsk_2231	-6.1760e-01
tsk_2232	2.5930e+00
tsk_2233	-5.9665e-01
tsk_2234	-6.9737e-01
tsk_2235	1.5169e-01
tsk_2236	-7.3736e-01
tsk_2237	1.3818e+00
tsk_2238	1.7115e+00
tsk_2239	-2.8647e+00
tsk_224	-1.2940e+00
tsk_2240	4.0342e-02
tsk_2241	2.4383e-01
tsk_2242	3.3592e-01
tsk_2243	-2.7573e-02
tsk_2244	-6.3165e-01
tsk_2245	-4.0609e-01
tsk_2246	1.8764e+00
tsk_2247	2.2743e-01
tsk_2248	-8.0722e-02
tsk_2249	1.2661e+00
tsk_225	-2.7354e-01
tsk_2250	2.5604e+00
tsk_2251	-1.6453e+00
tsk_2252	-3.7366e-01
tsk_2253	7.4944e-01
tsk_2254	-7.9682e-01
tsk_2255	-4.5072e-02
tsk_2256	-1.5093e-01
tsk_2257	-3.2360e-01
tsk_2258	5.8055e-01
tsk_2259	-4.6224e-01
tsk_226	-1.3732e-01
tsk_2260	1.0966e+00
tsk_2261	7.7140e-01
tsk_2262	-9.3281e-01
tsk_2263	1.1028e+00
tsk_2264	-1.2822e+00
tsk_2265	-3.6152e-01
tsk_2266	-1.6711e+00
tsk_2267	-7.5967e-01
tsk_2268	1.0378e-01
tsk_2269	7.2761e-01
tsk_227	-8.2114e-01
tsk_2270	-2.9731e-01
tsk_2271	8.0541e-01
tsk_2272	6.8082e-01
tsk_2273	-7.6370e-01
tsk_2274	4.8934e-01
tsk_2275	-1.6697e-01
tsk_2276	-3.7514e-01
tsk_2277	1.4510e+00
tsk_2278	-8.6749e-01
tsk_2279	6.1217e-01
tsk_228	1.2977e+00
tsk_2280	4.6466e-01
tsk_2281	-5.4766e-01
tsk_2282	-7.2650e-01
tsk_2283	-1.7876e+00
tsk_2284	6.9353e-01
tsk_2285	1.7900e-01
tsk_2286	4.4102e-01
tsk_2287	3.7969e-01
tsk_2288	1.3942e+00
tsk_2289	-1.4352e-01
tsk_229	7.5862e-01
tsk_2290	1.8014e+00
tsk_2291	5.2597e-02
tsk_2292	2.2041e+00
tsk_2293	-2.4703e-02
tsk_2294	-3.3479e-01
tsk_2295	-8.4863e-01
tsk_2296	4.1070e-01
tsk_2297	-2.4193e-01
tsk_2298	-1.0391e+00
tsk_2299	6.5640e-02
tsk_23	-1.1205e+00
tsk_230	4.8927e-01
tsk_2300	-2.7139e-01
tsk_2301	2.1513e-01
tsk_2302	-1.0331e+00
tsk_2303	1.2524e+00
tsk_2304	1.1133e+00
tsk_2305	-7.1913e-02
tsk_2306	-1.5332e+00
tsk_2307	1.9443e-01
tsk_2308	-2.6948e-01
tsk_2309	-1.2996e-02
tsk_231	1.0908e+00
tsk_2310	7.9666e-01
tsk_2311	4.5365e-01
tsk_2312	1.2697e+00
tsk_2313	-5.4402e-01
tsk_2314	1.2989e+00
tsk_2315	-7.6122e-01
tsk_2316	-1.4564e+00
tsk_2317	5.1708e-01
tsk_2318	2.3192e-01
tsk_2319	7.2877e-01
tsk_232	1.3310e+00
tsk_2320	4.6737e-01
tsk_2321	4.7176e-01
tsk_2322	-1.3158e+00
tsk_2323	-7.2382e-01
tsk_2324	5.7472e-01
tsk_2325	1.0960e+00
tsk_2326	2.2317e+00
tsk_2327	1.2855e+00
tsk_2328	-1.1595e+00
tsk_2329	-3.9641e-01
tsk_233	-5.0986e-01
tsk_2330	1.4715e-01
tsk_2331	-9.2887e-03
tsk_2332	-4.2597e-01
tsk_2333	-1.1992e+00
tsk_2334	1.6833e+00
tsk_2335	2.0532e-01
tsk_2336	-3.7658e-01
tsk_2337	3.2162e-01
tsk_2338	-3.8411e-01
tsk_2339	9.0957e-02
tsk_234	5.2948e-01
tsk_2340	9.3436e-01
tsk_2341	4.3225e-01
tsk_2342	-1.2038e-01
tsk_2343	3.4486e-02
tsk_2344	1.2834e+00
tsk_2345	8.1904e-01
tsk_2346	4.6532e-02
tsk_2347	1.5490e+00
tsk_2348	1.3849e+00
tsk_2349	5.3342e-01
tsk_235	1.5524e+00
tsk_2350	1.1810e+00
tsk_2351	9.1322e-01
tsk_2352	-1.3582e+00
tsk_2353	-9.9074e-01
tsk_2354	1.1843e+00
tsk_2355	1.6994e-01
tsk_2356	1.1883e+00
tsk_2357	3.3307e-01
tsk_2358	-8.1599e-01
tsk_2359	-1.1742e+00
tsk_236	-6.6496e-01
tsk_2360	-2.6965e-01
tsk_2361	-2.1788e+00
tsk_2362	-2.5110e-01
tsk_2363	2.6352e-02
tsk_2364	-8.2332e-01
tsk_2365	-5.5042e-01
tsk_2366	1.8499e-01
tsk_2367	-5.0343e-01
tsk_2368	2.2928e-01
tsk_2369	4.0464e-01
tsk_237	3.9201e-01
tsk_2370	1.7931e-01
tsk_2371	-8.5280e-01
tsk_2372	-1.6014e+00
tsk_2373	4.5176e-01
tsk_2374	-1.2632e+00
tsk_2375	2.7435e-01
tsk_2376	1.2787e+00
tsk_2377	1.3442e+00
tsk_2378	2.2454e+00
tsk_2379	-8.7972e-01
tsk_238	7.8912e-01
tsk_2380	-4.7726e-01
tsk_2381	-9.8650e-01
tsk_2382	-5.9868e-01
tsk_2383	-4.6632e-01
tsk_2384	-1.3119e+00
tsk_2385	6.0827e-01
tsk_2386	-6.5429e-01
tsk_2387	1.9261e+00
tsk_2388	-1.1772e-01
tsk_2389	-1.9080e+00
tsk_239	-8.7931e-01
tsk_2390	1.9450e-01
tsk_2391	7.9831e-01
tsk_2392	-3.6082e-01
tsk_2393	6.5555e-01
tsk_2394	2.7895e-01
tsk_2395	5.0231e-02
tsk_2396	-1.3457e+00
tsk_2397	-4.6336e-01
tsk_2398	-1.6403e+00
tsk_2399	-2.5588e-01
tsk_24	-6.1088e-01
tsk_240	-5.0493e-01
tsk_2400	-7.7053e-01
tsk_2401	1.3088e+00
tsk_2402	-8.4552e-01
tsk_2403	1.9139e+00
tsk_2404	-7.0581e-01
tsk_2405	1.4507e+00
tsk_2406	-8.6659e-01
tsk_2407	9.2655e-01
tsk_2408	1.7780e+00
tsk_2409	-1.1548e+00
tsk_241	1.0579e+00
tsk_2410	1.3932e+00
tsk_2411	-7.8340e-01
tsk_2412	6.9829e-01
tsk_2413	5.3502e-01
tsk_2414	8.0286e-01
tsk_2415	-9.6578e-01
tsk_2416	6.2980e-01
tsk_2417	1.1943e+00
tsk_2418	2.2528e+00
tsk_2419	-4.5726e-01
tsk_242	-4.9498e-01
tsk_2420	-1.1532e+00
tsk_2421	7.1044e-01
tsk_2422	-5.1028e-01
tsk_2423	-1.9360e+00
tsk_2424	-2.3643e-01
tsk_2425	1.5918e+00
tsk_2426	1.2806e+00
tsk_2427	6.3084e-01
tsk_2428	9.0163e-01
tsk_2429	-7.3369e-01
tsk_243	-1.1148e+00
tsk_2430	6.5251e-02
tsk_2431	-1.7031e+00
tsk_2432	-1.4941e+00
tsk_2433	-4.2567e-01
tsk_2434	7.6255e-01
tsk_2435	-9.5238e-01
tsk_2436	-1.1584e+00
tsk_2437	-1.2293e+00
tsk_2438	-3.6148e-01
tsk_2439	-2.8383e-01
tsk_244	2.0591e-01
tsk_2440	4.2998e-01
tsk_2441	6.6754e-01
tsk_2442	-9.6375e-01
tsk_2443	1.2620e+00
tsk_2444	6.4192e-01
tsk_2445	-6.8680e-01
tsk_2446	-9.3594e-01
tsk_2447	6.0346e-01
tsk_2448	-3.9687e-01
tsk_2449	-1.2710e+00
tsk_245	-1.1370e+00
tsk_2450	-3.0647e-01
tsk_2451	1.6618e+00
tsk_2452	1.6033e-01
tsk_2453	-5.2946e-01
tsk_2454	-1.3793e-02
tsk_2455	6.5114e-01
tsk_2456	-1.2841e-01
tsk_2457	1.8034e+00
tsk_2458	3.1920e-01
tsk_2459	9.4711e-01
tsk_246	3.0621e-01
tsk_2460	-1.7101e+00
tsk_2461	1.2635e+00
tsk_2462	-4.2090e-02
tsk_2463	5.0322e-01
tsk_2464	-1.2170e+00
tsk_2465	6.1857e-01
tsk_2466	3.2980e-01
tsk_2467	7.4033e-01
tsk_2468	-1.0562e+00
tsk_2469	-4.2706e-01
tsk_247	-4.7191e-01
tsk_2470	-1.6642e-01
tsk_2471	1.9791e-01
tsk_2472	7.8832e-01
tsk_2473	3.9801e-01
tsk_2474	1.0666e+00
tsk_2475	-7.4764e-01
tsk_2476	2.3321e-01
tsk_2477	1.1713e+00
tsk_2478	-7.4925e-01
tsk_2479	-1.5869e+00
tsk_248	-5.9418e-01
tsk_2480	-1.4833e+00
tsk_2481	-4.7051e-01
tsk_2482	-1.1482e+00
tsk_2483	-1.0198e+00
tsk_2484	6.0642e-02
tsk_2485	1.1090e+00
tsk_2486	-3.8294e-01
tsk_2487	1.9488e+00
tsk_2488	2.5795e-01
tsk_2489	4.1783e-01
tsk_249	1.3448e-02
tsk_2490	2.3171e+00
tsk_2491	-5.1802e-01
tsk_2492	2.8529e-01
tsk_2493	-2.9596e-01
tsk_2494	-4.3971e-01
tsk_2495	-1.2584e+00
tsk_2496	-2.5039e+00
tsk_2497	5.4745e-01
tsk_2498	-3.3707e-01
tsk_2499	4.2276e-01
tsk_25	7.6836e-01
tsk_250	3.2252e-01
tsk_2500	-4.2190e-01
tsk_2501	-8.0169e-02
tsk_2502	3.4815e-01
tsk_2503	-4.3927e-01
tsk_2504	3.7596e-01
tsk_2505	6.2958e-01
tsk_2506	3.8828e-02
tsk_2507	1.3778e+00
tsk_2508	-2.5359e-01
tsk_2509	-2.5438e-01
tsk_251	-4.3163e-02
tsk_2510	-4.0004e-01
tsk_2511	1.3928e+00
tsk_2512	-4.0536e-01
tsk_2513	2.1283e+00
tsk_2514	3.5911e-01
tsk_2515	5.3974e-01
tsk_2516	8.8610e-01
tsk_2517	9.0035e-01
tsk_2518	2.6153e-01
tsk_2519	3.8526e-01
tsk_252	-1.2288e+00
tsk_2520	-1.0349e+00
tsk_2521	2.6423e-01
tsk_2522	6.1923e-01
tsk_2523	-2.6194e-01
tsk_2524	-2.0327e-01
tsk_2525	-7.0365e-01
tsk_2526	7.1460e-01
tsk_2527	1.0876e+00
tsk_2528	2.3067e-01
tsk_2529	-1.6999e+00
tsk_253	9.5601e-01
tsk_2530	-1.2730e+00
tsk_2531	-2.3977e+00
tsk_2532	3.6549e-01
tsk_2533	9.4643e-01
tsk_2534	1.9843e+00
tsk_2535	1.4157e+00
tsk_2536	8.5131e-01
tsk_2537	1.1273e+00
tsk_2538	1.4516e+00
tsk_2539	-4.8224e-01
tsk_254	1.5281e-01
tsk_2540	3.7502e-02
tsk_2541	-8.3604e-01
tsk_2542	-1.0070e+00
tsk_2543	1.1276e+00
tsk_2544	1.3046e+00
tsk_2545	-6.5521e-01
tsk_2546	-5.0427e-01
tsk_2547	1.0099e+00
tsk_2548	2.9267e-01
tsk_2549	4.6878e-01
tsk_255	5.2544e-01
tsk_2550	9.4563e-01
tsk_2551	4.0101e-01
tsk_2552	-1.2020e+00
tsk_2553	-9.0271e-01
tsk_2554	1.9895e+00
tsk_2555	-4.3816e-01
tsk_2556	-2.0977e+00
tsk_2557	6.8777e-01
tsk_2558	1.6064e-01
tsk_2559	5.5102e-01
tsk_256	1.4195e+00
tsk_2560	-1.6390e-01
tsk_2561	-1.4419e-02
tsk_2562	-9.9470e-01
tsk_2563	-8.6166e-01
tsk_2564	-1.4795e+00
tsk_2565	4.0182e-01
tsk_2566	8.7282e-01
tsk_2567	-7.1834e-01
tsk_2568	1.9464e+00
tsk_2569	-4.1762e-01
tsk_257	-8.7057e-01
tsk_2570	7.1899e-01
tsk_2571	-1.0375e-01
tsk_2572	1.2446e+00
tsk_2573	-3.4056e-01
tsk_2574	1.7475e+00
tsk_2575	-8.8045e-01
tsk_2576	-1.4700e+00
tsk_2577	9.2134e-01
tsk_2578	-3.6009e-01
tsk_2579	-2.6698e-01
tsk_258	-7.4535e-01
tsk_2580	1.9356e+00
tsk_2581	1.3930e+00
tsk_2582	3.8900e-02
tsk_2583	-5.0181e-01
tsk_2584	1.7980e+00
tsk_2585	1.3986e+00
tsk_2586	-8.9081e-02
tsk_2587	-2.0050e+00
tsk_2588	-1.0646e+00
tsk_2589	9.0385e-03
tsk_259	7.6492e-01
tsk_2590	1.3668e-01
tsk_2591	1.6106e+00
tsk_2592	-1.2405e+00
tsk_2593	7.4512e-02
tsk_2594	-1.5181e+00
tsk_2595	2.5249e-01
tsk_2596	-1.0247e+00
tsk_2597	-1.1390e+00
tsk_2598	1.0633e+00
tsk_2599	7.4541e-01
tsk_26	8.0805e-01
tsk_260	1.6476e-01
tsk_2600	6.9197e-01
tsk_2601	-1.0350e+00
tsk_2602	8.1095e-01
tsk_2603	-6.7430e-01
tsk_2604	-1.3154e+00
tsk_2605	-9.9424e-01
tsk_2606	1.3894e+00
tsk_2607	-6.8745e-01
tsk_2608	-1.3078e-01
tsk_2609	-2.7694e-01
tsk_261	8.9651e-01
tsk_2610	4.7530e-01
tsk_2611	-6.8139e-01
tsk_2612	5.3530e-01
tsk_2613	1.2227e+00
tsk_2614	9.4691e-01
tsk_2615	1.5332e+00
tsk_2616	1.1261e-01
tsk_2617	-2.1339e+00
tsk_2618	-6.6157e-01
tsk_2619	-3.9481e-01
tsk_262	-1.2182e+00
tsk_2620	3.3570e-01
tsk_2621	-6.4693e-01
tsk_2622	2.2471e-01
tsk_2623	-4.0585e-01
tsk_2624	3.9114e-01
tsk_2625	4.7735e-01
tsk_2626	7.1960e-01
tsk_2627	6.3416e-01
tsk_2628	6.1993e-01
tsk_2629	1.5650e+00
tsk_263	-1.9734e+00
tsk_2630	1.2614e+00
tsk_2631	-5.2165e-01
tsk_2632	5.6946e-01
tsk_2633	1.1888e+00
tsk_2634	-4.3250e-02
tsk_2635	-8.5265e-01
tsk_2636	1.0752e+00
tsk_2637	-2.9453e-02
tsk_2638	-1.0539e-01
tsk_2639	3.3491e-01
tsk_264	-2.8417e+00
tsk_2640	-1.5229e-01
tsk_2641	2.8163e-01
tsk_2642	-1.0134e+00
tsk_2643	1.6181e-01
tsk_2644	4.8581e-01
tsk_2645	2.7624e-01
tsk_2646	-1.4466e-01
tsk_2647	-4.4811e-01
tsk_2648	1.2884e+00
tsk_2649	-3.5473e-02
tsk_265	1.4716e-01
tsk_2650	5.2867e-02
tsk_2651	-5.9192e-01
tsk_2652	-1.3690e+00
tsk_2653	7.5697e-01
tsk_2654	-1.6584e-01
tsk_2655	3.1940e-01
tsk_2656	-5.4378e-01
tsk_2657	-4.2306e-01
tsk_2658	1.4906e+00
tsk_2659	7.4318e-01
tsk_266	5.0433e-01
tsk_2660	-9.5014e-01
tsk_2661	-1.3689e-01
tsk_2662	-1.1305e+00
tsk_2663	-1.1781e-01
tsk_2664	-1.2118e+00
tsk_2665	9.7706e-02
tsk_2666	-1.2531e+00
tsk_2667	3.8362e-01
tsk_2668	3.3161e-01
tsk_2669	-7.5088e-01
tsk_267	-9.2437e-01
tsk_2670	-4.9061e-01
tsk_2671	-1.6053e+00
tsk_2672	2.0869e+00
tsk_2673	2.9758e+00
tsk_2674	5.5476e-01
tsk_2675	1.3112e+00
tsk_2676	-1.7164e+00
tsk_2677	-4.8803e-01
tsk_2678	1.1146e-01
tsk_2679	-7.2877e-01
tsk_268	-1.0923e+00
tsk_2680	2.5952e-01
tsk_2681	-9.9370e-01
tsk_2682	7.9538e-01
tsk_2683	5.2142e-02
tsk_2684	-4.0394e-01
tsk_2685	-5.4790e-01
tsk_2686	3.7228e-01
tsk_2687	-3.3554e-01
tsk_2688	3.3048e-01
tsk_2689	-8.8081e-01
tsk_269	-1.0976e+00
tsk_2690	-6.6259e-01
tsk_2691	8.2636e-01
tsk_2692	3.4959e-01
tsk_2693	-7.7093e-01
tsk_2694	-1.3472e+00
tsk_2695	2.6408e+00
tsk_2696	2.7992e-01
tsk_2697	-3.4080e-01
tsk_2698	-4.5890e-02
tsk_2699	3.6303e-01
tsk_27	-9.9219e-01
tsk_270	3.1153e-01
tsk_2700	-6.5238e-01
tsk_2701	3.7918e-01
tsk_2702	8.1315e-01
tsk_2703	-3.7731e-01
tsk_2704	-5.4175e-01
tsk_2705	-5.0096e-01
tsk_2706	1.2665e+00
tsk_2707	6.6710e-01
tsk_2708	7.9781e-02
tsk_2709	-9.7178e-01
tsk_271	-6.4855e-01
tsk_2710	-5.9099e-01
tsk_2711	4.4773e-02
tsk_2712	-5.6730e-01
tsk_2713	-1.1840e+00
tsk_2714	5.6133e-01
tsk_2715	7.6102e-01
tsk_2716	-2.8961e-01
tsk_2717	1.9066e-01
tsk_2718	1.3266e+00
tsk_2719	6.8331e-01
tsk_272	7.2943e-01
tsk_2720	-6.5464e-01
tsk_2721	-1.2793e-03
tsk_2722	8.5122e-01
tsk_2723	-3.6247e-01
tsk_2724	1.4197e+00
tsk_2725	-2.2467e+00
tsk_2726	4.5572e-01
tsk_2727	-1.6414e+00
tsk_2728	3.2918e-01
tsk_2729	9.4342e-01
tsk_273	-4.1884e-01
tsk_2730	1.4176e+00
tsk_2731	-3.0450e-01
tsk_2732	-9.1837e-01
tsk_2733	1.7660e+00
tsk_2734	-1.9892e-01
tsk_2735	-6.0883e-01
tsk_2736	-5.3334e-01
tsk_2737	7.2929e-01
tsk_2738	9.9663e-01
tsk_2739	-9.2939e-02
tsk_274	2.4091e-01
tsk_2740	-5.3642e-01
tsk_2741	-4.7315e-01
tsk_2742	9.3066e-01
tsk_2743	-6.4570e-01
tsk_2744	1.0783e-01
tsk_2745	1.3947e+00
tsk_2746	-3.2757e-01
tsk_2747	4.8220e-01
tsk_2748	-2.2515e+00
tsk_2749	6.4787e-02
tsk_275	-1.5303e+00
tsk_2750	-9.3563e-01
tsk_2751	5.8929e-02
tsk_2752	-5.4310e-01
tsk_2753	-1.5879e-01
tsk_2754	-1.1472e-01
tsk_2755	4.9571e-01
tsk_2756	-2.6896e+00
tsk_2757	6.9172e-01
tsk_2758	-4.9691e-02
tsk_2759	-2.5592e+00
tsk_276	1.3135e-01
tsk_2760	-1.1086e+00
tsk_2761	4.4000e-01
tsk_2762	-1.4786e-01
tsk_2763	-6.0035e-01
tsk_2764	6.5350e-01
tsk_2765	-7.6715e-01
tsk_2766	5.4229e-01
tsk_2767	1.3334e+00
tsk_2768	1.2996e-01
tsk_2769	2.0050e+00
tsk_277	1.0059e+00
tsk_2770	6.4788e-01
tsk_2771	-1.6329e-01
tsk_2772	1.8273e-01
tsk_2773	4.2541e-01
tsk_2774	3.0581e+00
tsk_2775	-5.2678e-01
tsk_2776	-5.7274e-01
tsk_2777	1.6320e+00
tsk_2778	7.8382e-01
tsk_2779	-1.0645e+00
tsk_278	-1.2894e+00
tsk_2780	6.4557e-01
tsk_2781	3.1413e-02
tsk_2782	-2.1572e-01
tsk_2783	8.9056e-01
tsk_2784	7.5221e-04
tsk_2785	2.4280e+00
tsk_2786	-5.6631e-01
tsk_2787	-1.6050e+00
tsk_2788	2.7570e+00
tsk_2789	2.6130e+00
tsk_279	1.5885e-01
tsk_2790	8.2572e-01
tsk_2791	1.0767e+00
tsk_2792	3.2801e-01
tsk_2793	-9.9952e-01
tsk_2794	-7.7981e-01
tsk_2795	1.9085e-02
tsk_2796	-1.1702e+00
tsk_2797	1.0615e+00
tsk_2798	-7.3920e-01
tsk_2799	6.8344e-01
tsk_28	-2.4009e-01
tsk_280	1.1875e+00
tsk_2800	-9.6794e-01
tsk_2801	-6.9660e-01
tsk_2802	-4.9124e-01
tsk_2803	-4.8403e-02
tsk_2804	-1.7002e-02
tsk_2805	-2.2991e+00
tsk_2806	7.7242e-01
tsk_2807	8.8715e-03
tsk_2808	6.0456e-01
tsk_2809	-9.3202e-01
tsk_281	2.6489e+00
tsk_2810	1.0119e+00
tsk_2811	1.1197e+00
tsk_2812	2.4221e+00
tsk_2813	1.4830e+00
tsk_2814	-7.4203e-01
tsk_2815	-1.2349e+00
tsk_2816	-7.8469e-01
tsk_2817	-4.2893e-01
tsk_2818	1.3938e+00
tsk_2819	-1.6356e+00
tsk_282	9.4090e-01
tsk_2820	-6.9189e-01
tsk_2821	-5.8410e-01
tsk_2822	6.8425e-01
tsk_2823	5.2164e-02
tsk_2824	5.9937e-01
tsk_2825	-1.3861e-01
tsk_2826	5.0723e-01
tsk_2827	5.6170e-01
tsk_2828	1.3673e+00
tsk_2829	-7.3806e-01
tsk_283	-1.3530e+00
tsk_2830	-6.5923e-01
tsk_2831	1.6335e+00
tsk_2832	1.8974e+00
tsk_2833	-9.7129e-01
tsk_2834	1.4724e+00
tsk_2835	1.6088e-01
tsk_2836	5.6524e-01
tsk_2837	-2.1299e-01
tsk_2838	-1.5282e+00
tsk_2839	-3.8435e-01
tsk_284	7.0007e-01
tsk_2840	4.1231e-01
tsk_2841	6.0566e-01
tsk_2842	1.1743e+00
tsk_2843	1.7869e+00
tsk_2844	4.2118e-01
tsk_2845	5.5498e-01
tsk_2846	4.9469e-01
tsk_2847	3.8033e-02
tsk_2848	-5.1350e-01
tsk_2849	4.7470e-02
tsk_285	5.3524e-02
tsk_2850	1.6317e+00
tsk_2851	-1.7845e+00
tsk_2852	6.5913e-02
tsk_2853	1.9930e+00
tsk_2854	-6.1201e-01
tsk_2855	3.0786e-01
tsk_2856	4.8797e-01
tsk_2857	-2.3377e-01
tsk_2858	1.8328e-01
tsk_2859	1.0950e+00
tsk_286	1.2689e+00
tsk_2860	-2.0143e+00
tsk_2861	2.2530e-01
tsk_2862	-7.3379e-01
tsk_2863	-4.8707e-01
tsk_2864	-1.4432e+00
tsk_2865	2.4616e-01
tsk_2866	-6.2060e-01
tsk_2867	-9.8712e-01
tsk_2868	3.2534e-01
tsk_2869	-1.5593e+00
tsk_287	-5.6468e-02
tsk_2870	4.2505e-01
tsk_2871	-2.4902e-01
tsk_2872	6.6842e-01
tsk_2873	-6.5383e-01
tsk_2874	-5.0768e-01
tsk_2875	3.0132e-01
tsk_2876	1.0056e+00
tsk_2877	4.5353e-01
tsk_2878	2.7268e+00
tsk_2879	-1.0294e+00
tsk_288	-9.5407e-01
tsk_2880	-7.9345e-01
tsk_2881	8.7381e-01
tsk_2882	1.7020e+00
tsk_2883	-1.2267e+00
tsk_2884	-7.4033e-01
tsk_2885	2.8115e-01
tsk_2886	8.8458e-01
tsk_2887	-4.1344e-02
tsk_2888	-6.6403e-01
tsk_2889	1.5445e+00
tsk_289	4.8167e-01
tsk_2890	1.0478e+00
tsk_2891	-1.4396e+00
tsk_2892	-1.8959e+00
tsk_2893	-1.9859e+00
tsk_2894	-8.2882e-01
tsk_2895	1.4225e+00
tsk_2896	3.1820e-01
tsk_2897	4.2507e-01
tsk_2898	-9.6723e-01
tsk_2899	1.0303e+00
tsk_29	2.7557e-01
tsk_290	5.9923e-02
tsk_2900	-8.6382e-01
tsk_2901	2.7062e-01
tsk_2902	-7.5226e-01
tsk_2903	-7.3261e-01
tsk_2904	-2.0695e+00
tsk_2905	8.4569e-01
tsk_2906	2.1252e-02
tsk_2907	1.1842e+00
tsk_2908	1.3527e+00
tsk_2909	-7.3708e-01
tsk_291	-9.5883e-01
tsk_2910	-6.0693e-01
tsk_2911	-3.7236e-01
tsk_2912	-3.0235e-01
tsk_2913	7.0527e-02
tsk_2914	1.6562e+00
tsk_2915	-1.0651e+00
tsk_2916	7.3205e-01
tsk_2917	2.6222e+00
tsk_2918	1.2643e+00
tsk_2919	-2.2981e+00
tsk_292	-1.5592e-01
tsk_2920	-2.3286e-01
tsk_2921	1.5687e+00
tsk_2922	3.4148e-02
tsk_2923	-7.5126e-01
tsk_2924	4.5170e-01
tsk_2925	5.3865e-01
tsk_2926	6.9711e-01
tsk_2927	-6.2804e-01
tsk_2928	6.5633e-01
tsk_2929	-2.7068e-01
tsk_293	-2.5411e-01
tsk_2930	-3.5658e-01
tsk_2931	2.0515e+00
tsk_2932	-1.7036e+00
tsk_2933	3.5349e-01
tsk_2934	1.5327e+00
tsk_2935	-4.4463e-01
tsk_2936	-1.2252e-02
tsk_2937	2.6372e-01
tsk_2938	-5.4020e-01
tsk_2939	3.7383e-01
tsk_294	-4.2894e-01
tsk_2940	2.1292e-01
tsk_2941	-1.1101e-01
tsk_2942	1.1330e+00
tsk_2943	-6.7613e-02
tsk_2944	-1.0320e+00
tsk_2945	-7.0734e-01
tsk_2946	-2.1554e+00
tsk_2947	-7.5037e-02
tsk_2948	9.3059e-01
tsk_2949	-9.1482e-01
tsk_295	5.2665e-01
tsk_2950	4.6965e-01
tsk_2951	-2.1180e-01
tsk_2952	-8.4251e-01
tsk_2953	2.0429e-01
tsk_2954	-1.5165e+00
tsk_2955	1.0098e+00
tsk_2956	1.1874e+00
tsk_2957	5.2372e-01
tsk_2958	-7.5476e-01
tsk_2959	-7.5530e-01
tsk_296	-4.7998e-01
tsk_2960	-7.2905e-01
tsk_2961	-1.3307e-01
tsk_2962	-5.1515e-01
tsk_2963	-5.7615e-01
tsk_2964	-4.2247e-01
tsk_2965	-5.4985e-01
tsk_2966	-1.3920e+00
tsk_2967	5.3957e-01
tsk_2968	-1.4221e-01
tsk_2969	6.3570e-01
tsk_297	3.1695e-01
tsk_2970	1.9657e-01
tsk_2971	1.1216e-01
tsk_2972	-4.5349e-01
tsk_2973	-8.7632e-01
tsk_2974	1.4752e+00
tsk_2975	6.6845e-01
tsk_2976	-3.8120e-01
tsk_2977	-2.8241e-01
tsk_2978	-1.9764e+00
tsk_2979	8.9348e-01
tsk_298	-1.6553e-01
tsk_2980	-1.1099e-01
tsk_2981	1.6043e+00
tsk_2982	5.3906e-01
tsk_2983	-6.9754e-01
tsk_2984	-3.8215e-01
tsk_2985	8.1441e-01
tsk_2986	1.5854e+00
tsk_2987	5.5823e-01
tsk_2988	2.1198e-01
tsk_2989	-1.3411e+00
tsk_299	1.6183e-01
tsk_2990	9.0205e-01
tsk_2991	7.8768e-01
tsk_2992	-2.2028e+00
tsk_2993	6.0290e-01
tsk_2994	-2.7865e+00
tsk_2995	4.6102e-01
tsk_2996	1.4633e+00
tsk_2997	2.0970e-01
tsk_2998	9.6479e-01
tsk_2999	-1.6790e+00
tsk_3	1.0166e+00
tsk_30	-4.7563e-01
tsk_300	5.9335e-01
tsk_301	-3.1942e-02
tsk_302	9.5557e-01
tsk_303	5.0310e-01
tsk_304	2.0185e+00
tsk_305	2.9461e-01
tsk_306	-1.8518e-01
tsk_307	1.4856e-01
tsk_308	1.0642e+00
tsk_309	4.5021e-01
tsk_31	-1.0346e+00
tsk_310	-2.3829e+00
tsk_311	1.4798e+00
tsk_312	-7.2023e-02
tsk_313	-8.8985e-01
tsk_314	1.0618e+00
tsk_315	-1.5876e+00
tsk_316	7.1995e-01
tsk_317	2.6091e-01
tsk_318	-1.5123e-01
tsk_319	2.9265e-01
tsk_32	-1.8264e+00
tsk_320	-1.2419e+00
tsk_321	2.8162e-01
tsk_322	-1.3286e+00
tsk_323	3.0099e-01
tsk_324	-3.8906e-01
tsk_325	-1.2460e+00
tsk_326	8.2547e-01
tsk_327	-6.6884e-01
tsk_328	4.4965e-01
tsk_329	1.3935e+00
tsk_33	7.6173e-01
tsk_330	1.4789e+00
tsk_331	-1.4104e+00
tsk_332	1.1030e-01
tsk_333	-7.0835e-01
tsk_334	-3.5119e-02
tsk_335	5.1587e-01
tsk_336	1.0877e+00
tsk_337	-2.2853e+00
tsk_338	3.8655e-01
tsk_339	2.7647e+00
tsk_34	-2.0334e+00
tsk_340	1.1466e+00
tsk_341	-1.8518e+00
tsk_342	-1.5788e+00
tsk_343	1.3722e+00
tsk_344	-4.3725e-02
tsk_345	1.0274e+00
tsk_346	-1.5704e+00
tsk_347	-9.4171e-01
tsk_348	8.0504e-01
tsk_349	-1.2286e-01
tsk_35	1.2689e+00
tsk_350	1.8023e+00
tsk_351	2.0613e-01
tsk_352	1.0701e-01
tsk_353	1.3759e+00
tsk_354	-1.8605e+00
tsk_355	-8.3869e-01
tsk_356	-2.4489e-01
tsk_357	7.9852e-01
tsk_358	-6.0775e-01
tsk_359	3.7129e-01
tsk_36	6.1783e-02
tsk_360	1.8282e+00
tsk_361	-7.9215e-01
tsk_362	1.2536e+00
tsk_363	2.3771e-01
tsk_364	4.0072e-01
tsk_365	-1.3989e+00
tsk_366	8.9626e-01
tsk_367	7.2510e-01
tsk_368	-6.8055e-01
tsk_369	5.2595e-01
tsk_37	-9.5257e-01
tsk_370	2.6621e-02
tsk_371	1.6340e+00
tsk_372	2.4272e+00
tsk_373	1.1285e+00
tsk_374	9.5068e-01
tsk_375	9.1895e-02
tsk_376	2.3718e-01
tsk_377	1.0270e+00
tsk_378	1.3646e+00
tsk_379	3.3892e+00
tsk_38	-1.2133e+00
tsk_380	4.7577e-01
tsk_381	-5.2355e-01
tsk_382	-1.9032e+00
tsk_383	1.8506e-01
tsk_384	-1.3501e-01
tsk_385	1.4789e+00
tsk_386	1.1043e+00
tsk_387	2.1740e-01
tsk_388	1.6477e+00
tsk_389	-2.1433e+00
tsk_39	-3.2152e-01
tsk_390	8.5222e-01
tsk_391	8.7780e-03
tsk_392	-8.3761e-01
tsk_393	1.8612e+00
tsk_394	8.4777e-02
tsk_395	-9.6479e-01
tsk_396	-1.8876e+00
tsk_397	-1.7020e+00
tsk_398	1.3572e+00
tsk_399	1.7464e+00
tsk_4	-4.1829e-01
tsk_40	1.5497e+00
tsk_400	5.6062e-01
tsk_401	-8.0627e-01
tsk_402	-2.3469e+00
tsk_403	1.8185e-02
tsk_404	-1.9162e-01
tsk_405	-3.1750e-01
tsk_406	-9.0400e-01
tsk_407	1.6037e+00
tsk_408	-8.7201e-01
tsk_409	1.0991e+00
tsk_41	-3.4654e-01
tsk_410	-7.1355e-01
tsk_411	1.0681e+00
tsk_412	-2.1994e+00
tsk_413	1.6127e-03
tsk_414	1.0156e+00
tsk_415	5.9139e-01
tsk_416	5.9469e-01
tsk_417	1.1883e+00
tsk_418	1.8022e+00
tsk_419	1.5889e+00
tsk_42	-1.3787e+00
tsk_420	-2.4353e-01
tsk_421	-4.9192e-01
tsk_422	1.7570e-02
tsk_423	2.5877e+00
tsk_424	5.8002e-01
tsk_425	-1.3847e+00
tsk_426	-1.4072e-01
tsk_427	-6.4319e-01
tsk_428	1.2444e+00
tsk_429	-1.0290e+00
tsk_43	8.2051e-01
tsk_430	2.4103e-01
tsk_431	1.1510e+00
tsk_432	1.1749e+00
tsk_433	9.8759e-01
tsk_434	8.5500e-01
tsk_435	2.7107e-01
tsk_436	2.8152e+00
tsk_437	-1.4098e+00
tsk_438	1.7009e-01
tsk_439	-1.0284e+00
tsk_44	1.0749e+00
tsk_440	-1.0692e+00
tsk_441	-7.5738e-01
tsk_442	2.5008e-01
tsk_443	1.8894e+00
tsk_444	4.9862e-01
tsk_445	1.7137e-01
tsk_446	1.3253e+00
tsk_447	-1.4882e-01
tsk_448	-5.5358e-01
tsk_449	5.5129e-01
tsk_45	7.0218e-01
tsk_450	2.3997e-01
tsk_451	2.6095e-01
tsk_452	1.7130e+00
tsk_453	4.4497e-01
tsk_454	-7.4412e-01
tsk_455	1.1229e+00
tsk_456	3.9879e-01
tsk_457	-3.0196e-01
tsk_458	7.3403e-02
tsk_459	-7.5740e-01
tsk_46	5.5202e-01
tsk_460	-1.0458e+00
tsk_461	1.0698e+00
tsk_462	2.0637e-02
tsk_463	-5.5958e-01
tsk_464	3.1462e-03
tsk_465	7.3952e-01
tsk_466	3.8346e-01
tsk_467	1.3171e-01
tsk_468	-2.4678e+00
tsk_469	7.5031e-01
tsk_47	-2.1507e+00
tsk_470	2.0690e+00
tsk_471	-2.7983e-01
tsk_472	-5.2331e-01
tsk_473	-1.0027e+00
tsk_474	9.9895e-01
tsk_475	2.4074e+00
tsk_476	1.0336e+00
tsk_477	8.0949e-01
tsk_478	-2.1876e-01
tsk_479	2.8791e-02
tsk_48	2.4441e-01
tsk_480	1.5354e+00
tsk_481	-9.6256e-01
tsk_482	-7.1965e-01
tsk_483	4.7563e-01
tsk_484	-2.4757e+00
tsk_485	2.9575e-01
tsk_486	5.4840e-01
tsk_487	2.4393e-01
tsk_488	1.5655e+00
tsk_489	-1.0492e+00
tsk_49	1.3910e+00
tsk_490	1.1706e-01
tsk_491	1.7304e+00
tsk_492	-1.4978e+00
tsk_493	6.7760e-02
tsk_494	8.1826e-01
tsk_495	-1.2787e+00
tsk_496	9.8103e-01
tsk_497	1.2448e+00
tsk_498	-2.1091e-01
tsk_499	2.9143e-01
tsk_5	-2.6680e+00
tsk_50	-7.9099e-01
tsk_500	-8.9264e-01
tsk_501	1.7370e-01
tsk_502	3.6982e-01
tsk_503	7.7512e-01
tsk_504	2.8539e-01
tsk_505	4.1797e-01
tsk_506	2.8746e-01
tsk_507	5.8702e-01
tsk_508	-4.9672e-02
tsk_509	-8.3223e-01
tsk_51	5.5815e-01
tsk_510	-1.8035e+00
tsk_511	-1.8552e-02
tsk_512	-9.9001e-02
tsk_513	-1.0713e+00
tsk_514	7.7609e-01
tsk_515	7.9496e-01
tsk_516	6.3520e-01
tsk_517	8.3781e-01
tsk_518	-1.5537e+00
tsk_519	-9.9957e-01
tsk_52	-2.3280e-01
tsk_520	1.5694e-01
tsk_521	7.5631e-01
tsk_522	-4.1706e-01
tsk_523	-1.0096e-01
tsk_524	5.5523e-01
tsk_525	-6.3807e-02
tsk_526	-4.8025e-01
tsk_527	1.5886e+00
tsk_528	-5.5266e-01
tsk_529	-7.5223e-01
tsk_53	2.5325e-01
tsk_530	-9.5899e-01
tsk_531	-1.9302e-01
tsk_532	-4.1341e-01
tsk_533	-2.1191e+00
tsk_534	6.0210e-02
tsk_535	-1.2057e+00
tsk_536	2.0017e+00
tsk_537	7.6872e-01
tsk_538	-1.3809e+00
tsk_539	-1.2154e-01
tsk_54	1.3177e+00
tsk_540	-1.1250e+00
tsk_541	3.0395e-01
tsk_542	1.6484e+00
tsk_543	-1.5321e+00
tsk_544	-9.0293e-01
tsk_545	3.1959e-01
tsk_546	-7.7663e-02
tsk_547	-1.7803e+00
tsk_548	-9.3937e-03
tsk_549	-6.0037e-01
tsk_55	1.8211e-01
tsk_550	4.5348e-01
tsk_551	9.2731e-01
tsk_552	1.3333e+00
tsk_553	-1.5390e+00
tsk_554	-1.3479e+00
tsk_555	-1.4394e-01
tsk_556	-2.2819e-01
tsk_557	2.1566e+00
tsk_558	-6.3768e-02
tsk_559	1.4793e-01
tsk_56	-3.9246e-01
tsk_560	3.1502e-01
tsk_561	-1.0203e-01
tsk_562	3.6044e-01
tsk_563	-1.5025e+00
tsk_564	-2.6001e-01
tsk_565	-6.8705e-01
tsk_566	5.9616e-01
tsk_567	9.0021e-01
tsk_568	1.2172e+00
tsk_569	7.8362e-01
tsk_57	-1.7944e+00
tsk_570	1.3854e+00
tsk_571	-1.1610e+00
tsk_572	2.4700e-01
tsk_573	2.0893e+00
tsk_574	3.7859e-03
tsk_575	-6.4759e-01
tsk_576	-2.5444e-01
tsk_577	9.9997e-01
tsk_578	5.5406e-01
tsk_579	-3.7680e-01
tsk_58	5.1755e-01
tsk_580	2.1507e-01
tsk_581	-4.2383e-01
tsk_582	-2.9651e-01
tsk_583	-6.1248e-01
tsk_584	9.1198e-01
tsk_585	1.5769e+00
tsk_586	9.9867e-01
tsk_587	9.1298e-01
tsk_588	8.7132e-01
tsk_589	-1.7532e+00
tsk_59	8.5733e-02
tsk_590	7.0538e-01
tsk_591	-6.0920e-01
tsk_592	1.2066e+00
tsk_593	4.7351e-01
tsk_594	2.2958e-01
tsk_595	-3.2666e-01
tsk_596	-9.5577e-01
tsk_597	6.3571e-01
tsk_598	-5.1222e-01
tsk_599	-1.6165e-01
tsk_6	-2.4293e+00
tsk_60	3.3339e-01
tsk_600	-2.7045e-01
tsk_601	-4.0438e-01
tsk_602	3.3497e-01
tsk_603	-6.7523e-01
tsk_604	1.4299e+00
tsk_605	-3.6770e-01
tsk_606	1.6419e+00
tsk_607	-7.0988e-01
tsk_608	1.4158e+00
tsk_609	-2.1722e-01
tsk_61	1.9645e+00
tsk_610	1.9373e-01
tsk_611	-9.6145e-01
tsk_612	-1.7462e-01
tsk_613	4.9437e-01
tsk_614	7.5991e-01
tsk_615	-1.7447e-01
tsk_616	-8.9910e-02
tsk_617	-6.7626e-01
tsk_618	-3.4322e-01
tsk_619	3.9567e-01
tsk_62	-1.5326e+00
tsk_620	4.8650e-02
tsk_621	2.4905e-01
tsk_622	1.7936e-01
tsk_623	-3.3788e-01
tsk_624	-1.0607e+00
tsk_625	-2.0929e-01
tsk_626	-1.9254e-01
tsk_627	-3.2207e-01
tsk_628	1.2621e+00
tsk_629	9.2801e-01
tsk_63	-2.7199e+00
tsk_630	-4.9361e-03
tsk_631	-7.9859e-02
tsk_632	-6.2325e-01
tsk_633	-8.7283e-01
tsk_634	2.2820e-01
tsk_635	9.7044e-01
tsk_636	-2.5094e-01
tsk_637	-5.4579e-01
tsk_638	5.1433e-01
tsk_639	3.0812e-01
tsk_64	4.0956e-01
tsk_640	4.3449e-01
tsk_641	1.2947e+00
tsk_642	-1.0383e+00
tsk_643	-1.0451e+00
tsk_644	-8.2299e-01
tsk_645	-1.0389e+00
tsk_646	5.7150e-01
tsk_647	-1.2838e+00
tsk_648	-6.9141e-01
tsk_649	3.8485e-01
tsk_65	-6.9105e-01
tsk_650	1.3053e-01
tsk_651	-1.6086e+00
tsk_652	-1.7448e+00
tsk_653	-9.9670e-01
tsk_654	-1.1539e+00
tsk_655	-2.7110e-01
tsk_656	-1.6853e-01
tsk_657	-8.1758e-02
tsk_658	6.4664e-01
tsk_659	-6.7189e-02
tsk_66	5.8039e-01
tsk_660	-4.6995e-01
tsk_661	-4.7287e-01
tsk_662	-1.1549e-02
tsk_663	1.0802e+00
tsk_664	6.7219e-01
tsk_665	2.6431e+00
tsk_666	8.1871e-01
tsk_667	7.5165e-01
tsk_668	2.3492e-01
tsk_669	-1.8021e+00
tsk_67	5.0185e-01
tsk_670	1.0248e+00
tsk_671	9.0989e-01
tsk_672	-9.7032e-01
tsk_673	1.6866e-01
tsk_674	4.9868e-01
tsk_675	-1.1474e+00
tsk_676	1.3387e+00
tsk_677	1.1886e-01
tsk_678	-4.4989e-01
tsk_679	-1.2465e+00
tsk_68	-1.4723e-01
tsk_680	7.6812e-01
tsk_681	1.1443e+00
tsk_682	-1.5821e+00
tsk_683	-1.3468e+00
tsk_684	-2.0859e+00
tsk_685	9.9603e-01
tsk_686	-5.0915e-01
tsk_687	3.7564e-01
tsk_688	1.2224e-01
tsk_689	1.0247e+00
tsk_69	2.7397e-01
tsk_690	-1.9703e+00
tsk_691	-1.1153e+00
tsk_692	-1.0468e+00
tsk_693	-3.0176e-01
tsk_694	5.0951e-01
tsk_695	-1.9669e-01
tsk_696	9.1169e-01
tsk_697	-1.3410e+00
tsk_698	-4.7394e-01
tsk_699	-8.3581e-02
tsk_7	3.3553e-01
tsk_70	-5.3283e-01
tsk_700	1.4744e+00
tsk_701	4.3917e-01
tsk_702	-5.4247e-01
tsk_703	-1.8198e+00
tsk_704	2.1264e+00
tsk_705	-9.0426e-01
tsk_706	-1.7299e-01
tsk_707	-8.0870e-01
tsk_708	-5.7181e-01
tsk_709	4.2853e-01
tsk_71	1.2453e-01
tsk_710	2.2775e-01
tsk_711	-3.2309e-01
tsk_712	2.4368e-01
tsk_713	-8.1491e-01
tsk_714	2.2620e-01
tsk_715	1.1010e+00
tsk_716	4.2493e-02
tsk_717	1.3867e+00
tsk_718	8.5481e-01
tsk_719	-1.0041e+00
tsk_72	7.7578e-01
tsk_720	4.1816e-01
tsk_721	1.0630e+00
tsk_722	-1.6878e+00
tsk_723	1.3437e-01
tsk_724	-5.8480e-01
tsk_725	-5.0862e-01
tsk_726	4.9920e-01
tsk_727	-2.4516e-02
tsk_728	-7.4819e-01
tsk_729	4.7034e-01
tsk_73	5.0262e-02
tsk_730	2.5430e+00
tsk_731	-1.4735e+00
tsk_732	-3.6293e-01
tsk_733	-1.1435e+00
tsk_734	-1.6692e-01
tsk_735	-3.3463e-03
tsk_736	-1.2416e+00
tsk_737	5.8230e-01
tsk_738	-8.8074e-01
tsk_739	-1.2244e+00
tsk_74	-1.9080e+00
tsk_740	2.1680e-01
tsk_741	-7.6916e-03
tsk_742	9.6822e-01
tsk_743	-8.5306e-01
tsk_744	1.8891e+00
tsk_745	2.6052e-01
tsk_746	-9.1278e-01
tsk_747	4.0378e-01
tsk_748	1.5634e-01
tsk_749	-5.0046e-02
tsk_75	-2.2847e-01
tsk_750	1.5974e+00
tsk_751	5.9155e-01
tsk_752	-1.1093e+00
tsk_753	2.3040e+00
tsk_754	7.9534e-01
tsk_755	-1.0101e+00
tsk_756	3.0658e-01
tsk_757	2.1851e+00
tsk_758	1.1361e+00
tsk_759	9.9073e-01
tsk_76	6.5967e-01
tsk_760	4.5641e-01
tsk_761	6.8787e-01
tsk_762	-1.4042e+00
tsk_763	3.6170e-01
tsk_764	-4.4357e-01
tsk_765	-6.0184e-01
tsk_766	-1.7027e-01
tsk_767	7.3766e-01
tsk_768	-1.2997e-01
tsk_769	-6.1504e-01
tsk_77	1.2348e+00
tsk_770	-5.6105e-01
tsk_771	1.0084e+00
tsk_772	1.0211e+00
tsk_773	-9.6412e-01
tsk_774	5.5719e-01
tsk_775	-1.4574e+00
tsk_776	3.1686e+00
tsk_777	4.5013e-01
tsk_778	1.1024e-01
tsk_779	2.2735e+00
tsk_78	1.3443e+00
tsk_780	1.3671e+00
tsk_781	-1.4729e+00
tsk_782	-4.7333e-01
tsk_783	-5.4082e-01
tsk_784	9.8723e-01
tsk_785	-3.5308e-01
tsk_786	7.3182e-01
tsk_787	-1.6563e+00
tsk_788	-1.1700e+00
tsk_789	-8.7499e-01
tsk_79	-1.0136e+00
tsk_790	-6.0927e-01
tsk_791	4.7039e-01
tsk_792	-8.0151e-01
tsk_793	3.6610e-01
tsk_794	9.9891e-01
tsk_795	7.6481e-02
tsk_796	6.3990e-01
tsk_797	7.6546e-01
tsk_798	1.4542e+00
tsk_799	-6.1117e-01
tsk_8	2.9856e-01
tsk_80	9.0745e-02
tsk_800	-7.5866e-01
tsk_801	3.1201e-01
tsk_802	1.7784e-01
tsk_803	-1.8529e-01
tsk_804	-4.7179e-01
tsk_805	-1.7451e+00
tsk_806	2.6929e-01
tsk_807	-1.4412e+00
tsk_808	3.8195e-01
tsk_809	-1.4957e+00
tsk_81	-8.8531e-01
tsk_810	-3.9667e-01
tsk_811	9.9497e-02
tsk_812	8.2291e-01
tsk_813	-3.2939e-01
tsk_814	1.5313e+00
tsk_815	1.0997e+00
tsk_816	1.3167e+00
tsk_817	-1.2245e+00
tsk_818	3.4851e-01
tsk_819	2.3800e-01
tsk_82	-1.0297e+00
tsk_820	2.4548e-01
tsk_821	5.3844e-01
tsk_822	1.2217e+00
tsk_823	2.5351e+00
tsk_824	-4.2163e-01
tsk_825	1.2048e+00
tsk_826	3.8625e-01
tsk_827	9.3627e-01
tsk_828	6.5230e-01
tsk_829	-1.4451e+00
tsk_83	2.3672e+00
tsk_830	1.0715e+00
tsk_831	-3.4592e-01
tsk_832	-9.6430e-01
tsk_833	6.9739e-01
tsk_834	1.3797e-01
tsk_835	-2.6301e-01
tsk_836	-1.2870e+00
tsk_837	6.2690e-03
tsk_838	-2.0252e-01
tsk_839	6.0355e-01
tsk_84	6.9272e-01
tsk_840	-4.0784e-01
tsk_841	-7.8365e-01
tsk_842	6.6686e-01
tsk_843	6.3371e-01
tsk_844	6.3581e-01
tsk_845	-9.7216e-01
tsk_846	4.7412e-01
tsk_847	-1.2931e+00
tsk_848	3.3633e-01
tsk_849	1.0309e+00
tsk_85	-6.6215e-01
tsk_850	-9.1030e-01
tsk_851	6.8041e-01
tsk_852	-1.7297e+00
tsk_853	4.5467e-01
tsk_854	-1.1185e+00
tsk_855	3.5321e-01
tsk_856	-1.0047e+00
tsk_857	4.1127e-01
tsk_858	8.4930e-01
tsk_859	4.1358e-01
tsk_86	1.3940e-01
tsk_860	-3.9543e-02
tsk_861	-8.1003e-01
tsk_862	-9.5206e-01
tsk_863	-1.6883e-01
tsk_864	7.8925e-01
tsk_865	-7.0307e-01
tsk_866	8.7251e-02
tsk_867	4.6645e-01
tsk_868	1.7522e-02
tsk_869	8.6475e-02
tsk_87	-7.9025e-01
tsk_870	6.4864e-01
tsk_871	5.3714e-01
tsk_872	-1.3291e-01
tsk_873	-1.5886e+00
tsk_874	5.6896e-01
tsk_875	-3.9902e-01
tsk_876	8.6468e-01
tsk_877	-1.3721e+00
tsk_878	-1.3526e+00
tsk_879	8.2308e-01
tsk_88	7.3883e-02
tsk_880	4.8173e-01
tsk_881	-2.1735e-01
tsk_882	7.9536e-01
tsk_883	3.4588e-01
tsk_884	-1.3721e+00
tsk_885	5.4015e-01
tsk_886	-2.0346e-01
tsk_887	6.9558e-01
tsk_888	-2.7896e-01
tsk_889	3.9023e-01
tsk_89	2.6027e-01
tsk_890	5.2426e-02
tsk_891	9.0836e-01
tsk_892	-1.1407e+00
tsk_893	-1.6827e-01
tsk_894	-2.4039e+00
tsk_895	-3.5240e-01
tsk_896	-1.8631e+00
tsk_897	-1.5412e-02
tsk_898	-1.8972e+00
tsk_899	-2.9987e-01
tsk_9	-2.0282e-01
tsk_90	-1.6086e+00
tsk_900	1.0744e+00
tsk_901	-1.0843e+00
tsk_902	-1.9161e+00
tsk_903	-7.4289e-02
tsk_904	4.9070e-01
tsk_905	1.4703e-01
tsk_906	-2.6481e-01
tsk_907	-1.0991e+00
tsk_908	-4.0905e-02
tsk_909	6.9586e-01
tsk_91	9.0728e-01
tsk_910	-1.1049e+00
tsk_911	-3.8136e-01
tsk_912	-1.1274e+00
tsk_913	-8.0797e-01
tsk_914	-3.7159e-01
tsk_915	-1.3083e-01
tsk_916	5.0222e-01
tsk_917	2.4786e+00
tsk_918	-1.1124e+00
tsk_919	-7.5289e-01
tsk_92	3.3135e-01
tsk_920	-2.9599e-02
tsk_921	-3.6705e-01
tsk_922	1.8170e-01
tsk_923	9.4453e-01
tsk_924	2.2799e+00
tsk_925	-7.8638e-01
tsk_926	4.2793e-01
tsk_927	2.4240e+00
tsk_928	1.8588e+00
tsk_929	3.3911e-01
tsk_93	-6.9832e-01
tsk_930	1.5442e+00
tsk_931	5.2550e-01
tsk_932	9.8569e-01
tsk_933	-9.5895e-01
tsk_934	-9.4755e-01
tsk_935	8.0410e-02
tsk_936	-1.6139e-01
tsk_937	-1.2719e-01
tsk_938	-1.9637e-01
tsk_939	-9.0781e-01
tsk_94	-6.0609e-01
tsk_940	-7.8697e-01
tsk_941	-7.9344e-01
tsk_942	1.1418e-01
tsk_943	-9.8673e-02
tsk_944	-1.3494e+00
tsk_945	-1.4221e+00
tsk_946	1.7547e+00
tsk_947	8.2876e-01
tsk_948	-1.6083e-01
tsk_949	8.0196e-01
tsk_95	1.3704e+00
tsk_950	-1.5593e+00
tsk_951	1.5508e+00
tsk_952	-5.6184e-01
tsk_953	8.9271e-01
tsk_954	-7.7479e-01
tsk_955	2.0627e-01
tsk_956	-4.9327e-01
tsk_957	4.0690e-01
tsk_958	-2.4944e-01
tsk_959	9.9656e-01
tsk_96	2.3373e-01
tsk_960	-5.9526e-01
tsk_961	-4.7594e-01
tsk_962	2.2659e-01
tsk_963	4.1504e-02
tsk_964	-4.3919e-01
tsk_965	-7.0270e-01
tsk_966	-3.4942e-01
tsk_967	2.0319e-01
tsk_968	-8.0723e-01
tsk_969	3.4226e-01
tsk_97	4.9873e-02
tsk_970	3.5427e-01
tsk_971	-8.9142e-01
tsk_972	-6.8462e-01
tsk_973	5.9471e-02
tsk_974	6.5157e-02
tsk_975	-6.3721e-01
tsk_976	-7.0466e-01
tsk_977	-2.2120e-01
tsk_978	-1.7352e+00
tsk_979	-1.5331e-01
tsk_98	-2.4219e-01
tsk_980	-2.0916e-01
tsk_981	-8.2973e-01
tsk_982	1.9864e-01
tsk_983	-3.0900e-01
tsk_984	1.8922e+00
tsk_985	3.7313e-01
tsk_986	-1.9088e+00
tsk_987	-2.5869e-01
tsk_988	-4.4832e-01
tsk_989	-3.8022e-01
tsk_99	1.6002e+00
tsk_990	-4.9754e-01
tsk_991	-1.7289e+00
tsk_992	-8.1536e-01
tsk_993	-4.8535e-02
tsk_994	-9.2237e-01
tsk_995	-7.1954e-01
tsk_996	-2.9284e-01
tsk_997	-4.4453e-01
tsk_998	7.7915e-01
tsk_999	-2.4588e+00
